,yummy,convenient,spicy,fattening,greasy,fast,cheap,tasty,expensive,healthy,disgusting,Like,Age,VisitFrequency,Gender
0,1,0,1,0,1,0,0,1,0,1,1,-3,61,90,0
1,0,0,1,0,0,0,0,0,0,1,1,2,51,90,0
2,1,0,0,0,0,0,1,0,0,0,1,1,62,90,0
3,0,0,1,0,0,0,0,0,1,1,0,4,69,7,0
4,1,0,1,0,0,0,0,1,1,0,1,2,49,30,1
5,0,0,1,0,1,0,0,0,1,1,1,2,55,90,1
6,0,0,0,0,1,0,1,0,0,0,1,2,56,90,0
7,0,0,1,0,0,0,0,0,1,1,1,5,23,7,0
8,1,1,1,0,0,1,1,1,0,1,0,-5,58,365,1
9,0,0,1,0,0,0,1,0,0,1,1,1,32,90,0
10,1,0,1,0,1,0,0,1,1,1,0,-2,53,90,0
11,0,0,1,0,0,0,1,0,0,1,0,3,28,30,1
12,1,0,1,0,1,0,0,1,1,1,1,0,65,90,1
13,0,0,1,0,1,0,1,0,0,0,1,5,54,30,1
14,1,0,1,0,1,0,1,1,0,1,1,-3,67,30,1
15,0,0,1,0,1,0,0,0,1,1,1,3,51,30,1
16,0,0,1,0,0,0,0,0,1,1,1,0,34,30,0
17,0,0,1,1,0,0,1,0,1,1,1,2,31,30,1
18,1,1,1,0,0,0,0,1,0,1,0,-4,47,90,0
19,0,0,1,0,0,0,1,0,0,1,0,5,37,3,1
20,0,0,1,0,0,0,1,0,0,1,0,2,41,365,0
21,0,0,1,0,1,0,0,0,0,1,1,2,36,30,1
22,0,0,0,0,0,0,0,0,0,1,0,-2,23,7,0
23,0,0,0,0,1,0,1,0,0,1,1,5,50,3,0
24,0,0,1,0,1,0,0,0,1,0,1,2,39,90,0
25,0,0,1,0,0,0,0,1,0,1,1,0,35,90,0
26,0,0,1,0,0,0,0,0,1,1,0,0,20,90,1
27,1,0,1,0,0,0,1,0,1,0,1,0,34,30,0
28,1,0,1,1,1,0,1,1,1,1,1,0,55,90,1
29,0,0,1,0,1,0,0,0,1,0,1,3,24,90,0
30,0,0,1,0,0,0,0,0,1,1,1,3,44,30,1
31,1,0,1,1,1,0,0,0,1,0,1,3,40,30,0
32,0,0,1,0,0,0,0,0,1,1,1,1,55,30,1
33,1,0,1,0,0,0,0,1,1,1,0,-4,37,0,1
34,0,0,1,0,1,0,0,0,1,0,1,4,48,7,1
35,1,0,1,0,0,0,0,1,1,1,0,-2,54,90,0
36,0,0,1,0,1,0,0,0,1,0,1,3,38,90,0
37,1,0,1,0,0,0,0,1,1,1,0,-5,49,90,0
38,1,1,1,0,0,0,0,1,1,1,0,-4,35,0,0
39,1,1,1,0,0,0,1,1,0,1,0,-4,55,365,1
40,0,1,1,0,1,1,1,0,0,1,1,2,31,365,1
41,0,0,1,0,1,0,0,0,1,0,1,3,57,3,1
42,0,0,0,0,1,0,0,0,1,0,1,4,69,3,1
43,0,0,1,0,1,0,1,0,1,1,1,3,37,90,0
44,1,0,1,0,0,0,0,1,1,1,0,-5,60,0,1
45,0,0,0,0,0,0,0,0,0,0,0,2,36,30,1
46,1,0,1,1,1,0,1,0,1,0,1,1,54,90,1
47,0,0,1,0,1,0,1,0,0,1,1,4,66,30,1
48,0,0,1,0,1,0,0,0,1,1,1,0,32,30,0
49,0,0,1,0,0,0,0,0,1,1,1,2,67,365,1
50,1,0,0,0,0,0,1,1,0,1,0,-4,42,7,0
51,0,0,1,0,0,0,0,1,1,1,1,2,26,30,0
52,0,0,1,0,0,0,1,0,0,1,1,1,58,365,0
53,1,0,1,0,1,0,1,1,0,1,0,-5,48,30,1
54,0,0,1,1,1,0,0,0,1,0,1,4,54,30,0
55,1,0,1,0,1,0,0,0,1,1,1,0,62,365,1
56,1,0,1,0,0,0,0,1,1,1,0,-4,52,365,0
57,1,0,1,0,0,0,0,1,1,1,1,0,53,90,1
58,0,0,1,0,1,0,0,0,1,1,1,4,47,3,1
59,0,0,1,0,0,0,0,0,1,1,1,5,26,30,0
60,0,0,1,0,0,0,1,0,1,1,1,5,29,7,0
61,0,0,1,0,0,0,0,0,1,0,1,3,24,7,1
62,0,0,1,0,1,0,0,0,1,0,1,5,25,7,0
63,1,0,1,0,0,0,1,1,0,1,1,0,54,30,1
64,0,0,1,0,0,0,0,0,1,1,1,4,23,30,0
65,1,1,1,0,1,0,1,1,0,1,0,0,34,0,0
66,1,0,1,1,1,1,1,1,0,1,1,1,47,90,1
67,0,0,0,0,0,0,0,0,0,0,0,3,22,7,1
68,1,0,1,0,1,0,0,0,1,0,1,0,47,365,1
69,0,0,1,0,1,0,0,0,1,1,1,4,56,30,1
70,1,0,1,0,1,0,0,1,1,0,1,-1,55,90,1
71,0,0,1,1,1,0,0,0,1,0,1,3,56,90,0
72,1,0,1,0,1,1,1,0,0,1,1,0,56,90,0
73,1,0,1,0,0,0,0,0,1,1,1,2,37,90,0
74,0,0,1,1,1,0,0,0,1,0,1,5,50,7,0
75,1,0,1,0,0,1,1,1,0,1,0,-1,40,90,1
76,0,0,1,0,1,0,0,0,1,1,1,4,61,7,1
77,1,0,1,0,1,0,1,1,0,1,1,-2,55,90,1
78,0,0,0,0,0,0,1,0,0,1,1,-1,45,365,0
79,0,0,1,1,1,0,0,0,1,0,1,1,42,30,1
80,1,0,1,0,0,0,1,1,1,1,0,2,52,90,1
81,1,0,1,0,1,0,0,0,1,1,1,2,58,365,0
82,1,0,1,0,1,0,0,0,1,1,1,1,48,30,1
83,0,0,1,1,1,0,0,0,1,0,1,3,58,7,1
84,1,1,1,0,0,0,1,0,0,1,1,-3,18,365,1
85,0,0,1,1,1,0,0,0,1,1,1,4,68,30,0
86,0,0,1,0,0,0,0,0,0,1,0,1,49,30,0
87,1,0,1,0,0,1,1,0,0,1,1,-5,50,7,0
88,0,0,1,0,1,0,1,0,0,1,1,2,43,90,0
89,0,0,0,0,1,0,0,0,0,1,1,4,67,90,1
90,0,0,1,0,1,0,0,0,1,1,1,1,40,7,0
91,0,0,1,0,0,0,0,0,1,1,0,-5,35,0,1
92,1,1,1,0,0,1,1,1,0,1,0,-5,42,90,0
93,1,0,1,0,1,0,0,0,1,1,1,2,41,90,0
94,0,0,1,0,0,0,0,0,1,0,1,4,32,30,1
95,0,0,1,0,0,0,1,0,1,1,1,3,21,30,0
96,1,0,1,0,0,0,0,0,1,1,1,4,56,7,0
97,1,0,1,0,0,0,1,1,1,1,1,2,27,90,1
98,1,0,1,0,0,0,1,1,0,1,1,0,48,365,0
99,0,0,1,0,1,0,0,0,1,1,1,2,32,7,1
100,1,0,1,0,0,0,0,1,1,1,1,3,50,30,1
101,0,0,1,0,0,0,1,0,0,1,1,2,42,365,0
102,0,0,0,0,0,0,0,0,0,0,0,5,35,3,1
103,0,0,0,0,1,0,0,0,1,1,1,4,57,30,0
104,0,0,1,0,1,0,1,0,1,1,1,3,68,30,1
105,1,0,1,0,1,0,1,1,0,1,1,3,51,30,0
106,0,0,1,0,0,1,1,0,0,1,0,-2,42,90,0
107,1,0,1,0,1,1,1,1,1,1,1,0,44,90,0
108,0,0,1,0,1,0,0,0,1,1,1,2,57,365,0
109,1,0,1,0,0,0,0,1,1,1,1,2,56,365,0
110,1,0,0,0,1,1,1,1,1,1,1,-2,57,90,0
111,0,0,1,1,1,0,1,0,0,0,1,5,33,7,0
112,1,1,1,0,0,1,1,1,0,1,0,-3,63,90,1
113,0,0,1,0,1,0,1,0,0,1,1,2,55,30,1
114,1,0,1,0,0,1,1,1,0,1,1,0,39,90,0
115,1,0,1,0,1,0,0,1,1,1,1,-3,65,0,1
116,0,0,0,0,0,0,0,0,1,0,1,4,47,7,0
117,0,0,1,0,1,0,0,0,1,0,1,1,37,90,0
118,1,0,1,0,0,0,0,1,1,1,0,-1,22,365,1
119,1,0,1,0,0,0,0,1,1,1,1,-2,51,90,1
120,0,0,1,1,1,0,0,0,1,0,1,5,24,30,0
121,0,0,0,0,0,0,0,0,0,1,1,1,49,30,0
122,0,0,1,0,1,0,1,0,0,0,1,5,55,30,0
123,1,0,1,0,1,0,0,1,1,1,0,-5,48,365,1
124,0,0,1,0,0,0,0,0,1,1,1,3,24,90,0
125,1,0,1,0,1,0,1,0,0,1,1,-2,47,90,1
126,1,0,1,0,1,0,0,1,1,1,0,-4,54,365,1
127,0,0,1,0,1,0,0,0,1,1,1,4,23,7,0
128,1,0,1,0,0,0,0,1,1,0,1,1,34,90,0
129,0,0,1,0,0,0,0,0,1,1,0,3,32,30,0
130,1,0,1,1,1,0,0,1,1,1,1,3,58,30,0
131,1,0,1,0,1,0,1,1,0,1,1,0,46,365,0
132,0,0,1,0,1,0,0,0,1,1,1,0,23,90,0
133,0,0,1,0,0,0,0,0,1,1,1,1,31,30,1
134,1,0,1,0,0,0,0,0,1,1,1,0,59,365,1
135,1,0,0,0,0,0,1,1,0,0,1,0,47,30,1
136,0,0,1,0,1,0,0,0,1,1,1,3,58,3,0
137,0,0,1,0,1,0,0,0,1,1,1,4,55,90,1
138,0,0,1,0,0,1,0,0,1,1,1,4,62,30,0
139,0,0,1,0,0,0,0,0,1,1,1,2,20,30,1
140,1,0,1,0,1,0,0,0,1,1,1,0,42,90,1
141,1,0,1,0,0,0,0,1,1,1,0,-3,29,30,1
142,1,0,1,0,1,0,1,1,0,1,1,1,63,30,1
143,1,0,1,0,0,0,0,0,1,1,0,2,26,7,1
144,0,1,1,0,0,0,0,0,1,1,1,5,19,30,0
145,0,0,1,0,1,0,0,0,1,1,1,1,61,365,0
146,0,0,1,0,0,0,1,0,0,1,1,5,19,7,1
147,0,0,1,0,1,0,1,0,0,0,1,4,56,30,0
148,1,0,1,0,0,0,1,1,0,1,0,-4,39,365,0
149,0,0,1,0,0,0,1,0,0,1,1,0,45,30,1
150,1,1,1,0,0,1,1,1,0,1,0,-5,52,365,1
151,0,0,1,1,1,0,0,0,1,0,1,0,42,30,0
152,0,0,1,0,0,0,1,0,0,1,1,3,47,30,0
153,0,0,1,0,1,0,0,0,1,1,1,5,22,7,0
154,0,0,0,0,0,0,0,0,1,1,1,2,63,30,1
155,0,0,1,0,0,0,0,0,1,1,1,5,65,90,0
156,1,0,1,1,1,0,0,0,1,1,1,1,63,90,1
157,0,0,1,0,0,0,1,0,0,1,1,3,25,30,1
158,0,0,1,0,0,0,1,0,0,1,1,1,62,365,1
159,1,0,1,0,0,1,0,1,1,1,1,0,59,365,0
160,1,0,1,0,0,0,0,0,1,1,1,1,67,365,1
161,1,1,1,0,0,0,1,1,0,1,0,-5,60,0,1
162,0,0,1,1,1,0,0,0,1,0,1,4,69,7,1
163,1,1,1,0,0,0,1,1,0,1,0,-5,40,0,1
164,0,0,1,1,1,0,0,0,1,0,1,2,67,365,1
165,0,0,1,1,1,0,0,0,1,0,1,2,37,90,0
166,1,0,0,1,0,0,1,1,0,1,1,-4,65,90,1
167,0,0,1,0,1,0,1,0,0,1,1,3,64,30,0
168,0,0,1,0,1,0,0,0,1,1,1,4,57,30,0
169,0,0,1,0,0,0,1,0,0,0,1,5,37,7,1
170,0,0,1,0,0,0,1,0,0,0,1,2,39,30,0
171,0,0,1,0,1,0,1,0,1,1,1,1,64,90,1
172,0,0,1,0,0,0,0,0,1,1,0,-2,23,365,1
173,0,1,0,0,0,0,0,1,1,1,0,2,50,7,0
174,1,0,1,0,0,0,1,1,0,1,0,-4,60,90,1
175,1,0,1,0,0,0,1,1,0,1,0,-2,32,365,1
176,1,0,1,0,0,0,0,1,1,1,0,-5,59,0,0
177,1,1,1,0,1,0,1,1,0,1,0,-2,37,30,1
178,0,0,1,0,0,0,1,0,1,0,1,3,25,3,0
179,1,0,1,1,1,0,1,1,1,1,1,3,55,30,1
180,1,0,1,0,0,0,1,0,0,1,0,-2,25,30,1
181,1,0,1,1,1,0,0,1,1,0,0,-3,35,365,0
182,1,1,0,0,0,0,0,1,1,1,0,-4,58,0,0
183,1,0,1,0,0,0,0,1,1,1,0,-5,32,0,1
184,0,0,1,0,0,0,0,0,0,1,0,-5,45,0,0
185,1,0,1,0,1,0,1,1,0,1,1,-3,60,365,0
186,1,0,1,0,1,0,0,0,1,1,1,3,59,365,1
187,1,0,1,0,1,0,0,1,1,1,1,0,36,30,0
188,1,0,1,0,0,0,0,1,1,1,0,0,55,365,1
189,0,0,1,0,1,0,0,1,1,1,1,1,55,90,0
190,0,0,1,0,1,0,1,0,0,1,1,3,22,30,0
191,0,0,1,0,0,0,0,0,1,1,1,3,21,7,0
192,0,0,1,0,0,0,0,0,1,1,1,1,62,7,1
193,0,0,1,0,0,0,0,0,1,1,1,3,29,30,1
194,0,0,1,0,0,0,0,0,1,0,1,1,36,30,0
195,1,0,1,0,0,0,1,1,1,1,1,0,44,365,1
196,1,0,1,0,0,0,0,1,1,1,1,2,47,365,0
197,1,1,1,0,0,1,1,1,0,1,0,-5,57,365,0
198,1,0,1,0,1,0,0,0,1,1,1,1,23,365,0
199,0,0,1,0,0,0,0,0,1,1,1,5,31,7,0
200,0,0,1,1,1,0,0,0,1,0,1,4,70,3,0
201,0,0,0,0,1,0,0,0,1,0,1,5,24,7,1
202,1,0,1,0,0,0,1,0,0,1,1,3,27,90,1
203,1,0,1,0,0,0,0,1,1,1,0,-5,58,0,0
204,1,0,0,0,1,0,0,1,1,1,1,2,51,7,1
205,1,1,1,0,0,1,1,1,0,1,0,-2,36,90,1
206,1,0,1,0,1,0,0,0,1,1,1,0,36,30,0
207,1,1,0,0,0,0,1,1,0,1,0,0,43,90,1
208,1,0,0,0,0,1,1,1,0,1,0,-3,64,0,1
209,1,0,1,0,1,0,1,1,0,1,0,-3,52,30,1
210,1,0,1,0,1,0,0,0,1,1,1,1,53,0,1
211,1,0,1,0,0,0,1,1,0,1,0,-5,52,0,0
212,0,0,0,0,0,0,0,0,1,1,1,3,33,7,0
213,0,0,1,0,0,0,0,0,1,1,1,5,24,7,1
214,0,0,1,1,1,0,1,0,1,1,1,4,64,30,0
215,0,0,0,0,0,0,1,0,0,0,0,3,41,30,1
216,1,1,1,0,0,1,0,1,1,1,0,-5,56,365,0
217,0,0,1,0,1,0,0,0,1,0,1,4,49,30,0
218,0,1,1,0,0,0,1,0,0,1,1,-1,24,365,0
219,1,0,1,0,1,0,0,1,1,1,1,2,62,90,0
220,1,0,1,1,1,0,0,0,1,1,1,0,56,90,1
221,0,0,1,0,0,1,1,0,1,1,1,3,67,90,1
222,0,0,1,0,1,0,0,0,1,1,1,3,27,30,1
223,1,0,1,0,1,0,1,1,0,1,0,-4,53,365,1
224,0,0,0,0,1,0,0,0,1,0,0,-4,60,365,0
225,1,0,1,0,0,0,0,0,1,1,1,0,51,365,0
226,1,0,0,0,0,0,1,0,0,1,1,-5,67,365,0
227,0,0,1,0,1,0,0,0,1,1,1,3,27,30,0
228,1,0,1,0,0,0,1,1,0,1,1,0,56,90,1
229,0,0,1,0,0,0,0,0,1,1,1,4,39,30,1
230,0,0,1,0,1,0,0,0,1,1,1,4,35,7,0
231,0,0,1,0,0,0,0,0,1,1,1,2,68,30,0
232,0,0,1,1,0,0,0,0,1,0,1,5,57,7,0
233,1,0,1,0,0,0,0,1,1,1,0,-5,50,0,0
234,0,0,1,1,1,0,0,0,1,0,1,3,64,30,0
235,1,0,1,0,1,0,0,1,1,1,1,-3,66,7,0
236,0,0,0,1,1,0,0,0,1,0,1,5,27,3,1
237,1,1,1,0,1,0,1,1,0,1,0,-5,70,0,1
238,1,0,1,0,0,1,0,0,0,1,1,-1,51,30,1
239,0,0,1,0,1,0,0,0,1,1,1,0,60,365,0
240,1,1,1,0,1,0,1,1,0,1,0,-4,49,365,0
241,1,0,1,0,0,0,0,1,1,1,0,-5,54,0,0
242,1,1,1,0,0,0,1,1,0,1,0,-5,58,0,0
243,1,1,1,1,1,0,0,1,1,1,1,-3,70,30,0
244,0,0,1,1,1,0,1,0,0,1,1,3,59,3,1
245,1,0,1,0,1,0,0,1,1,0,1,1,54,365,0
246,1,0,0,1,0,0,1,1,0,1,1,-3,52,90,0
247,0,0,1,0,0,0,0,0,1,0,1,4,22,7,0
248,0,0,1,0,0,0,1,0,0,1,1,3,53,90,0
249,0,0,1,1,1,0,0,0,1,0,1,5,69,3,0
250,1,0,0,0,0,0,1,1,0,1,0,1,20,90,1
251,0,0,0,0,1,0,0,1,1,1,1,3,66,30,0
252,0,0,1,0,1,0,0,0,1,1,1,5,25,3,0
253,0,0,1,0,0,0,1,0,0,1,1,5,31,7,0
254,0,0,1,0,1,0,0,0,1,0,1,1,67,30,0
255,0,0,0,0,1,0,0,0,1,1,1,3,56,30,0
256,1,0,1,0,0,0,0,0,1,1,1,1,48,365,0
257,1,0,1,0,1,0,0,1,1,1,1,-1,54,90,0
258,0,0,1,1,1,0,0,0,1,0,1,5,58,30,1
259,0,0,1,0,1,0,0,0,1,1,1,3,42,7,0
260,0,0,1,0,1,0,1,0,1,1,1,4,38,7,0
261,1,0,1,0,0,0,0,0,1,0,1,2,28,90,1
262,0,0,1,0,1,0,1,0,0,1,1,3,47,7,0
263,1,1,1,0,0,0,0,1,1,1,1,0,49,365,1
264,1,0,1,0,0,0,0,0,1,1,0,0,40,90,0
265,1,1,1,0,0,0,1,0,0,0,0,0,31,7,1
266,1,0,0,0,0,0,0,1,1,1,1,-5,50,0,1
267,0,1,0,0,1,0,0,0,1,1,1,-1,69,365,0
268,0,0,1,0,1,0,0,0,1,0,1,4,40,30,0
269,0,0,1,0,0,0,0,0,1,1,0,5,30,30,1
270,1,0,1,0,0,0,0,0,1,1,0,-3,44,365,1
271,0,0,1,0,0,0,1,0,0,1,1,3,32,30,1
272,0,0,1,0,1,0,0,0,1,1,1,3,67,7,1
273,0,0,1,0,0,0,0,0,1,1,1,5,18,7,0
274,1,0,1,0,0,0,0,1,1,1,1,-3,27,365,0
275,1,0,1,0,0,0,1,1,0,1,1,-1,61,365,0
276,1,0,1,0,1,0,0,1,1,1,1,-4,47,365,1
277,0,0,1,0,0,0,0,0,1,1,1,-4,20,90,1
278,0,0,1,0,0,0,0,0,1,1,1,4,26,7,1
279,1,0,1,0,1,0,0,1,1,1,1,-4,65,365,0
280,1,1,0,0,0,1,1,1,0,1,0,-5,64,0,1
281,0,0,1,0,0,0,0,0,1,0,1,5,20,7,1
282,0,0,1,0,0,1,1,0,0,1,1,2,29,30,0
283,0,0,0,0,0,0,1,0,0,1,1,2,45,30,0
284,0,1,1,0,1,0,0,0,1,1,1,0,31,365,0
285,0,0,1,0,0,0,0,0,1,1,1,5,41,7,0
286,1,1,1,0,1,0,1,1,0,1,1,-5,61,0,0
287,1,1,1,0,0,0,1,1,0,1,0,-5,69,0,0
288,1,0,1,0,0,0,0,1,1,1,0,1,28,30,1
289,1,0,1,1,1,0,1,1,1,1,1,3,68,30,1
290,1,1,1,0,1,0,0,1,1,1,1,-4,60,0,1
291,0,0,1,0,0,0,1,0,1,1,1,0,56,365,0
292,1,0,1,0,1,0,1,1,0,1,1,0,61,365,0
293,1,0,0,0,0,0,1,0,0,1,1,0,61,7,1
294,1,0,1,0,1,0,0,1,1,1,1,-4,63,365,1
295,1,0,1,0,1,0,0,0,1,1,1,3,40,30,0
296,1,0,1,0,0,0,0,0,1,0,1,-1,36,90,1
297,0,0,1,0,0,0,0,1,1,1,1,1,30,30,0
298,0,0,1,0,1,0,1,0,0,1,1,4,32,30,0
299,0,0,1,1,1,0,1,0,0,0,1,5,37,3,1
300,0,0,1,0,1,1,0,0,1,0,1,3,61,7,1
301,0,0,1,0,0,0,1,0,0,1,1,3,34,30,0
302,0,0,1,0,0,0,1,0,0,1,1,1,24,30,1
303,0,0,1,0,0,1,1,0,0,1,1,1,39,30,1
304,1,0,1,0,1,0,1,0,0,1,1,0,50,90,1
305,0,0,1,0,1,0,1,0,0,0,1,1,46,30,1
306,0,0,1,0,1,0,1,1,0,1,1,2,43,30,0
307,0,0,1,0,1,0,0,0,1,1,1,4,36,30,1
308,0,1,1,1,0,1,1,0,0,1,0,-5,26,7,1
309,0,0,1,0,1,0,0,0,1,0,1,2,32,30,0
310,1,1,1,0,0,1,1,1,0,1,0,-5,50,0,0
311,1,0,1,0,0,0,0,1,1,1,1,-2,56,365,0
312,0,0,1,0,1,0,0,0,1,1,1,3,57,90,0
313,0,0,1,0,0,0,0,0,1,1,1,-1,25,365,1
314,1,0,1,0,0,0,0,0,1,1,1,-1,47,30,0
315,0,0,1,0,1,0,1,0,0,1,1,0,32,365,1
316,0,0,1,0,1,0,0,0,1,0,1,3,32,7,0
317,1,0,1,0,0,0,0,0,1,0,1,0,57,90,0
318,0,0,1,0,0,0,0,0,1,1,1,5,42,7,1
319,1,0,1,0,1,0,0,1,1,1,1,2,31,7,1
320,1,1,1,0,0,0,1,1,0,1,0,-3,37,365,0
321,0,0,1,1,1,0,0,0,0,0,1,3,33,90,0
322,0,0,1,0,1,0,1,0,1,1,1,-1,46,90,0
323,0,0,1,0,1,0,1,0,0,1,1,2,41,90,0
324,1,0,1,1,1,0,0,1,1,0,1,-1,60,90,1
325,0,0,1,0,1,0,0,0,1,0,1,2,42,30,1
326,1,0,1,0,1,0,0,0,1,1,1,1,45,30,0
327,0,0,1,0,0,0,1,1,1,1,1,0,36,90,1
328,0,0,1,0,1,1,1,0,0,0,1,2,44,30,1
329,0,0,0,1,0,1,1,0,0,1,1,1,34,30,1
330,0,1,1,0,0,0,0,0,1,1,1,2,22,90,1
331,1,0,1,0,0,0,0,1,1,1,0,-4,64,90,1
332,0,0,1,1,1,0,0,0,1,0,1,5,36,30,1
333,0,0,1,0,0,0,0,0,1,1,1,5,23,30,1
334,1,0,1,0,1,0,0,0,1,1,1,-4,69,90,0
335,1,0,1,0,0,0,0,1,1,1,1,-5,64,0,0
336,0,0,1,0,1,0,0,0,1,1,1,4,53,90,1
337,1,0,1,0,0,1,1,1,1,1,0,-4,40,0,0
338,1,0,1,0,1,0,0,1,1,1,0,-4,56,90,0
339,1,0,1,0,0,1,1,0,1,1,1,2,48,7,0
340,0,1,1,0,1,0,0,0,1,0,1,5,62,30,0
341,0,0,1,1,1,0,0,0,1,0,1,2,65,90,0
342,0,0,1,1,1,0,1,0,0,1,1,4,34,30,1
343,1,0,1,0,0,0,1,1,1,1,0,-5,27,0,0
344,0,0,1,0,1,0,0,0,1,1,1,2,25,90,1
345,0,0,1,0,0,0,0,0,1,1,0,-1,55,365,0
346,0,0,1,0,1,0,0,0,1,1,1,5,38,7,0
347,0,0,1,0,1,0,1,0,0,0,1,1,52,30,0
348,0,0,1,0,1,1,1,0,0,1,1,3,36,30,1
349,0,0,1,0,0,0,0,0,1,1,1,-1,36,30,1
350,0,0,1,0,1,0,1,0,0,1,1,0,52,30,0
351,0,0,1,0,0,0,0,0,0,1,1,5,49,7,0
352,1,0,1,0,1,0,1,0,1,1,1,2,58,30,0
353,0,0,0,1,1,0,0,0,1,0,1,3,67,30,0
354,1,0,1,0,0,0,0,0,1,1,0,1,56,90,0
355,0,0,1,0,0,1,1,0,0,1,1,2,43,7,0
356,0,0,1,0,1,0,0,0,1,1,1,1,43,7,0
357,0,0,1,0,0,0,1,0,0,1,0,1,23,90,0
358,0,0,1,0,0,0,0,0,0,1,1,1,29,7,1
359,1,0,1,0,0,1,1,1,0,1,0,-4,32,365,1
360,1,0,1,0,0,0,0,1,1,1,1,1,35,7,0
361,0,0,1,1,0,0,1,0,0,1,0,2,46,7,1
362,1,0,1,1,1,0,0,0,1,0,1,3,55,30,0
363,0,0,1,0,1,0,0,0,1,1,1,4,45,7,0
364,0,0,1,0,1,1,1,0,0,1,1,2,39,90,1
365,1,0,1,1,1,0,1,0,0,0,0,-3,52,365,1
366,0,0,1,0,1,0,1,0,0,1,1,3,53,30,0
367,0,0,0,0,0,0,1,0,1,1,1,3,44,30,1
368,1,0,1,0,0,0,0,0,1,1,1,1,55,365,0
369,0,0,1,0,1,0,0,0,1,0,1,5,21,3,0
370,1,0,1,1,1,0,0,0,1,1,1,1,48,30,1
371,0,0,0,0,0,1,1,0,0,1,1,3,57,30,0
372,0,0,1,0,0,0,1,0,0,1,1,3,26,7,1
373,0,0,1,1,1,0,0,0,1,1,1,2,52,30,0
374,0,0,1,0,0,0,1,0,0,1,1,4,28,7,1
375,1,0,1,1,1,0,1,0,1,1,1,2,58,30,1
376,0,0,1,1,1,1,0,0,1,0,1,5,34,30,1
377,0,0,1,0,1,0,0,1,1,1,1,-4,39,90,1
378,0,0,0,0,0,0,1,0,0,1,1,3,20,30,1
379,1,0,1,0,1,0,1,1,1,1,0,0,61,365,0
380,0,0,1,0,1,1,1,1,0,1,1,4,35,7,1
381,1,0,1,0,0,0,1,1,0,1,0,-5,27,0,1
382,0,0,1,0,0,0,0,0,1,1,1,3,50,30,0
383,0,0,1,0,0,0,0,0,1,1,1,3,58,30,0
384,1,0,1,0,0,0,0,1,1,1,0,-1,29,30,0
385,0,0,1,0,0,0,1,0,0,1,1,3,23,7,1
386,0,0,1,1,1,0,1,0,1,1,1,2,47,90,1
387,0,0,1,0,0,0,0,0,1,1,1,2,58,90,0
388,1,0,1,0,1,0,1,1,0,1,1,0,49,30,0
389,0,0,1,0,1,0,1,1,1,1,1,1,27,30,0
390,0,0,1,0,0,0,0,0,1,1,1,5,20,3,0
391,0,0,1,0,0,1,1,0,0,1,0,0,43,90,1
392,1,0,1,0,1,0,1,1,0,1,0,0,62,90,0
393,1,1,1,0,1,0,0,1,1,1,0,-5,55,365,0
394,1,1,1,0,0,0,0,0,1,1,1,-3,62,365,0
395,1,0,1,0,0,0,0,1,1,1,0,-3,56,365,0
396,1,0,1,0,1,0,0,1,1,1,1,-4,60,0,1
397,0,0,1,0,1,0,0,0,1,1,1,1,42,30,0
398,0,0,1,0,0,0,0,0,1,1,1,4,26,7,0
399,1,0,1,0,1,0,0,1,1,1,1,-1,55,365,0
400,0,0,1,0,1,0,1,0,1,1,1,4,42,7,1
401,1,0,1,1,1,0,0,0,1,0,1,3,67,365,0
402,0,0,1,0,1,0,1,0,0,1,1,3,43,7,1
403,1,0,1,0,0,0,0,1,1,1,1,0,42,30,0
404,0,0,1,1,1,0,0,0,1,0,1,5,50,7,0
405,1,0,1,0,0,0,0,1,1,1,0,-4,20,365,0
406,1,1,1,0,1,0,1,1,0,1,0,-5,50,0,1
407,0,0,0,0,0,0,1,0,0,1,1,1,60,365,1
408,0,0,1,0,0,0,0,0,1,1,1,-1,21,0,1
409,0,0,1,0,1,0,1,0,0,1,1,4,33,30,1
410,0,0,1,0,1,0,0,1,1,1,1,0,68,90,0
411,0,0,1,0,0,0,0,0,1,1,1,3,26,30,1
412,0,0,1,0,1,0,0,0,1,1,1,1,60,30,0
413,0,0,1,0,0,0,1,0,0,1,1,3,52,90,0
414,0,0,0,1,1,0,0,0,1,0,1,4,70,90,0
415,1,1,1,0,0,0,0,1,0,1,0,-5,44,365,0
416,0,0,1,0,0,0,1,0,0,1,1,2,23,90,0
417,1,0,0,0,1,0,1,1,1,1,1,-1,62,90,0
418,1,0,0,0,1,0,0,0,1,1,1,2,59,7,0
419,0,0,1,1,1,0,0,0,1,0,1,5,66,7,0
420,1,0,1,0,1,0,1,1,0,0,1,1,44,30,1
421,0,0,1,0,0,0,1,0,0,1,1,3,25,30,1
422,0,0,1,0,1,1,1,0,0,0,1,3,41,30,1
423,0,0,1,1,1,0,0,0,1,1,1,4,41,3,1
424,0,0,1,1,1,0,0,0,1,0,1,3,33,7,1
425,1,0,1,0,0,0,1,1,0,1,0,1,45,30,0
426,0,0,1,0,1,0,0,0,1,0,1,5,23,3,0
427,1,1,1,0,0,0,1,1,0,1,0,-4,52,365,0
428,1,0,1,0,1,0,0,1,1,1,1,2,63,30,0
429,0,0,0,0,0,0,0,0,0,0,0,4,48,30,0
430,1,0,1,0,0,0,1,0,0,1,0,-5,52,0,1
431,1,1,1,0,0,0,0,1,0,1,0,-5,50,0,1
432,0,0,1,0,0,0,0,0,1,0,0,2,28,30,1
433,0,0,1,0,0,0,1,0,0,1,0,1,24,30,1
434,1,0,1,0,1,1,1,1,0,1,1,0,45,7,0
435,0,0,1,0,0,1,1,1,0,1,1,2,26,90,0
436,0,0,1,0,0,0,1,0,1,1,0,1,19,90,1
437,1,0,1,0,1,0,1,0,0,1,1,2,45,90,1
438,1,0,1,1,1,0,1,1,0,0,1,1,44,90,1
439,0,0,1,0,0,0,1,0,1,1,1,2,47,30,1
440,1,0,1,0,1,0,0,0,1,1,1,3,28,30,1
441,1,0,1,0,1,0,0,1,1,1,1,2,62,90,0
442,0,0,0,1,0,0,0,0,1,1,1,-1,33,7,1
443,0,0,1,1,1,1,0,0,1,0,1,3,67,90,0
444,0,0,1,1,1,0,0,0,1,0,1,1,67,365,0
445,0,0,0,0,0,0,0,0,0,1,0,2,49,30,1
446,0,0,1,0,0,0,0,0,1,1,1,4,33,7,0
447,0,0,1,1,1,0,0,0,1,0,1,5,51,3,0
448,0,0,1,1,1,0,0,0,1,0,1,3,52,7,0
449,0,0,0,0,0,0,0,0,0,0,1,5,30,3,1
450,0,0,1,0,1,0,1,0,0,1,1,2,60,30,0
451,1,0,1,0,1,0,1,1,0,1,1,-3,47,90,0
452,1,0,1,1,1,0,1,0,0,1,1,2,44,30,1
453,0,0,1,0,1,0,1,0,0,1,1,2,43,90,0
454,1,0,1,0,0,0,0,1,1,1,1,-2,46,30,1
455,1,0,1,0,1,0,1,0,1,1,1,1,40,30,0
456,1,0,1,0,0,0,1,1,1,1,1,0,48,365,0
457,1,0,1,0,0,0,1,1,0,1,0,0,53,30,0
458,0,0,1,0,1,0,1,0,0,1,1,4,35,90,1
459,1,0,1,0,1,0,0,1,1,0,1,-4,51,90,1
460,0,0,1,0,0,0,0,1,0,1,1,2,26,30,1
461,1,0,1,0,0,0,1,1,0,1,1,-2,46,90,0
462,0,0,1,0,0,0,0,0,1,1,1,2,39,30,0
463,0,0,1,0,1,0,0,0,1,1,1,0,38,365,1
464,0,0,1,0,1,0,0,0,1,1,1,4,40,30,0
465,0,0,1,0,1,0,0,0,1,1,1,5,36,30,0
466,1,0,1,0,1,0,0,1,1,1,1,0,56,0,0
467,0,0,1,0,0,0,0,0,1,1,1,5,23,30,0
468,0,0,1,0,1,0,0,0,1,1,1,5,39,30,0
469,1,0,1,0,0,0,0,1,1,1,0,-2,22,90,0
470,0,0,1,1,1,0,0,0,1,1,1,3,27,30,1
471,0,0,1,0,0,0,0,0,1,1,1,0,23,90,0
472,0,0,1,0,0,0,0,0,1,1,1,2,21,90,0
473,0,0,0,0,0,0,0,0,0,0,0,3,33,90,1
474,1,1,1,0,0,0,0,1,1,1,0,-5,24,0,0
475,0,0,1,0,0,0,0,0,1,0,1,5,22,3,0
476,1,1,1,0,0,0,0,1,1,1,0,-5,54,90,0
477,1,0,0,0,0,1,1,1,0,1,0,-3,56,90,0
478,0,0,1,0,0,0,0,0,1,1,1,4,20,30,1
479,0,0,0,1,1,1,1,0,0,0,1,4,41,30,0
480,1,0,0,1,1,0,1,0,0,1,1,4,70,30,1
481,0,0,1,0,0,0,0,0,1,0,1,4,54,30,0
482,0,0,1,0,0,0,1,0,0,0,1,3,23,30,1
483,0,0,1,1,1,0,0,0,1,0,1,2,61,30,0
484,1,0,1,0,1,0,1,0,0,1,1,1,52,7,0
485,0,0,1,0,1,0,0,0,1,0,1,3,61,7,0
486,1,0,0,0,1,0,0,1,1,1,0,-2,66,90,0
487,0,0,1,0,0,0,1,0,0,1,1,1,40,30,0
488,0,0,0,0,0,0,0,0,0,0,0,5,26,0,1
489,1,0,1,1,0,0,1,1,0,0,1,2,32,30,1
490,0,0,1,0,0,0,0,0,1,1,1,-2,60,90,1
491,0,0,1,0,1,0,0,0,1,1,1,3,38,30,1
492,0,0,1,0,0,0,1,0,0,1,1,3,29,90,1
493,1,1,1,0,0,0,1,1,0,1,1,-5,69,0,1
494,1,0,1,0,0,0,0,1,1,1,1,2,64,365,1
495,1,0,1,0,0,0,1,1,1,1,0,-5,40,0,1
496,0,0,1,0,0,0,1,0,0,1,1,1,42,30,1
497,0,0,1,0,1,0,0,0,1,1,1,-5,64,30,0
498,0,0,1,0,0,0,1,0,0,0,1,5,22,7,1
499,0,0,1,0,0,0,0,0,1,1,1,2,57,90,0
500,0,0,1,0,0,0,1,0,0,1,1,2,28,90,0
501,0,0,1,0,1,0,0,0,1,0,1,5,41,30,0
502,0,0,0,0,0,0,1,0,0,1,1,0,56,3,1
503,0,0,1,1,1,0,0,0,1,0,1,3,50,30,0
504,1,0,1,0,0,0,0,1,0,1,0,-5,68,0,1
505,1,0,1,0,1,0,1,0,0,1,0,-5,62,365,1
506,0,0,1,0,0,0,0,0,1,1,1,4,58,90,0
507,0,0,1,1,1,0,0,0,1,0,1,5,47,3,1
508,0,0,1,0,1,0,1,0,0,0,1,3,35,30,0
509,0,0,0,0,1,0,0,0,1,1,1,4,58,30,1
510,0,0,1,0,0,0,0,0,1,1,1,5,21,7,0
511,0,0,1,0,1,0,0,0,1,0,1,3,53,90,0
512,0,0,1,0,1,0,0,0,1,0,1,5,38,30,0
513,0,0,1,0,1,0,1,0,0,1,1,5,59,30,1
514,0,0,1,0,0,0,1,0,0,1,1,4,39,7,0
515,0,0,1,0,0,0,1,0,1,1,1,2,36,90,0
516,0,0,1,0,0,0,0,0,1,1,1,5,26,3,0
517,1,0,1,0,1,0,1,0,0,1,1,-1,53,7,1
518,0,0,1,1,1,0,0,0,1,0,1,5,64,30,0
519,1,0,1,0,0,0,1,0,0,0,0,-3,56,90,0
520,1,0,1,0,0,0,1,1,0,1,1,-5,65,0,1
521,1,1,1,1,0,1,1,1,1,1,0,-5,40,0,1
522,0,0,1,1,1,0,0,0,1,0,1,5,68,30,1
523,0,0,1,0,1,0,0,0,1,1,1,4,65,3,1
524,0,0,1,0,0,0,0,0,1,1,1,2,52,30,0
525,1,0,1,0,1,0,0,1,1,0,1,-4,37,365,0
526,1,1,1,0,0,0,0,1,0,1,0,-5,32,365,1
527,0,0,0,0,1,0,0,0,1,1,1,5,51,7,0
528,0,0,1,0,0,0,0,0,1,0,1,3,52,90,0
529,0,0,1,1,1,0,1,0,0,0,1,4,57,90,0
530,0,0,1,0,1,0,0,0,1,0,1,5,55,90,0
531,1,0,1,0,1,0,1,0,0,1,1,0,38,30,0
532,1,0,1,0,0,0,0,1,1,1,1,2,44,7,0
533,0,0,1,0,1,0,1,0,0,1,1,3,56,365,0
534,1,0,1,0,0,1,1,1,1,1,1,1,67,365,0
535,0,0,1,0,1,0,1,0,1,0,1,3,43,30,0
536,1,0,1,0,1,0,0,0,1,1,1,1,39,90,1
537,0,0,1,0,0,0,0,0,1,1,1,2,27,7,0
538,0,0,1,0,0,0,1,0,1,1,1,1,29,365,0
539,1,0,1,1,0,0,0,1,1,1,1,-1,24,365,1
540,1,0,1,0,0,0,1,1,0,1,0,-5,37,90,1
541,0,0,1,0,0,0,1,0,0,1,0,1,22,30,0
542,1,0,1,0,1,0,1,0,0,0,0,-2,55,0,0
543,1,0,1,0,0,0,0,1,1,1,1,-2,50,365,1
544,0,1,1,1,1,0,1,0,0,0,1,1,26,30,1
545,1,0,1,0,1,0,0,0,1,1,1,0,55,90,0
546,0,0,1,0,1,0,0,0,1,1,1,2,48,30,0
547,0,0,1,0,1,0,1,0,0,1,1,4,25,7,0
548,0,0,1,0,0,0,0,0,0,1,1,4,32,3,1
549,1,0,1,0,0,0,1,1,0,1,0,1,28,90,0
550,1,0,1,0,1,0,0,1,1,1,1,-1,52,365,0
551,0,0,1,0,1,0,0,1,1,1,1,1,30,7,1
552,0,0,1,0,1,0,0,0,1,1,1,-2,52,365,0
553,0,0,1,1,1,0,0,0,1,1,1,4,55,30,0
554,1,1,1,0,0,0,1,1,0,1,0,-5,35,365,0
555,0,0,1,0,1,0,0,0,1,1,1,3,29,7,1
556,0,0,1,0,0,0,0,0,1,1,1,2,55,365,1
557,1,0,1,0,0,0,0,0,1,1,0,1,50,90,0
558,1,0,1,0,0,0,0,1,1,1,0,-2,34,7,1
559,1,0,1,0,1,0,0,0,1,1,1,0,59,0,0
560,0,0,0,1,1,0,1,0,0,0,1,4,40,7,1
561,0,0,1,0,1,0,0,0,1,1,1,3,39,30,0
562,1,0,1,0,0,1,1,0,1,0,1,0,46,90,0
563,0,0,1,1,1,1,0,0,1,1,1,5,25,7,1
564,1,0,1,0,0,1,1,1,0,1,0,-3,48,90,1
565,0,0,1,0,1,0,0,0,1,1,1,3,56,7,0
566,1,0,1,0,0,0,0,1,1,1,0,-3,46,365,0
567,0,0,0,0,1,0,0,0,1,0,1,5,44,7,1
568,1,0,1,1,1,0,0,1,1,0,0,-5,55,365,0
569,0,0,1,0,0,0,0,0,1,1,1,3,63,3,1
570,1,0,1,0,0,0,1,0,0,1,1,1,58,90,1
571,0,0,1,0,0,0,0,0,1,1,1,4,18,30,1
572,1,0,1,0,1,0,1,0,0,1,1,0,60,90,1
573,1,0,1,0,1,0,0,1,1,1,1,-5,63,365,0
574,0,0,1,0,0,0,0,0,1,1,1,3,30,30,0
575,1,0,1,0,0,1,1,1,0,1,1,-5,67,0,0
576,1,1,1,0,0,0,1,1,0,1,1,-5,65,0,0
577,0,0,0,0,0,0,0,0,1,0,1,3,61,30,0
578,1,0,1,0,1,0,1,0,1,1,1,2,52,7,1
579,0,0,1,0,0,0,1,0,0,1,1,-3,23,365,0
580,1,0,1,0,0,1,1,1,0,1,0,-4,41,90,0
581,0,0,1,0,0,0,0,0,1,1,0,0,57,90,1
582,1,0,1,0,1,0,0,1,1,1,1,0,46,365,0
583,0,0,1,0,0,0,1,0,0,1,1,-2,36,90,1
584,1,1,1,0,0,0,0,1,0,0,0,-5,54,0,1
585,0,0,1,0,0,0,0,0,1,1,1,2,37,30,1
586,0,0,1,0,0,0,0,0,1,1,1,5,33,7,0
587,0,0,1,0,0,1,0,0,1,1,1,3,26,7,1
588,0,0,1,1,1,1,1,0,0,0,1,4,27,7,1
589,1,0,1,0,1,0,0,1,1,1,0,-5,34,365,1
590,0,0,1,0,1,1,0,0,1,1,1,2,49,30,1
591,0,0,1,0,1,0,0,0,1,0,1,3,34,7,0
592,1,0,1,0,0,0,0,1,1,1,0,3,37,30,0
593,1,0,1,0,0,0,1,1,1,0,1,-4,62,365,1
594,1,0,1,0,1,0,0,1,1,1,1,2,54,30,1
595,1,0,0,0,0,0,0,0,0,0,1,-3,37,365,0
596,0,0,0,0,0,0,0,0,1,1,1,1,57,90,1
597,1,1,1,0,0,1,1,1,0,1,0,-1,48,90,1
598,1,0,1,0,0,0,0,1,1,1,0,-5,59,0,0
599,0,0,1,0,1,0,0,0,1,0,1,4,52,30,0
600,1,0,1,0,0,0,0,0,1,1,1,1,36,90,0
601,1,0,1,0,0,0,0,1,1,1,1,-3,35,90,1
602,1,0,1,0,0,0,1,1,0,1,0,-4,43,365,1
603,1,0,1,0,1,0,0,1,1,1,0,-4,60,0,0
604,1,0,1,0,0,0,0,1,1,1,1,-3,32,0,0
605,0,0,1,0,1,0,0,0,1,1,1,4,62,7,1
606,0,0,1,0,0,0,1,0,0,1,1,4,45,30,1
607,0,0,1,0,1,0,0,0,1,1,1,4,45,30,1
608,1,1,1,1,1,1,1,1,0,1,0,-5,34,30,1
609,1,0,1,0,1,0,0,1,1,1,0,-5,55,365,1
610,1,0,0,0,1,0,1,0,1,1,0,-1,36,90,1
611,1,0,1,1,1,0,0,1,1,1,1,0,29,365,1
612,1,0,1,0,1,0,0,1,1,1,0,-5,64,30,0
613,1,0,1,0,1,0,0,1,1,1,1,-3,66,30,0
614,1,0,1,0,1,0,1,0,1,1,1,3,49,30,0
615,0,0,1,0,1,0,0,0,1,1,1,2,25,90,0
616,1,0,1,0,1,0,0,0,1,0,1,2,58,30,0
617,1,0,1,0,1,0,0,0,1,1,1,2,56,365,0
618,0,0,1,1,1,0,0,0,0,1,1,3,29,90,0
619,1,0,1,0,0,0,0,0,1,1,1,-1,70,365,0
620,1,0,1,0,0,0,0,1,1,1,0,-3,37,90,0
621,0,0,1,0,1,0,1,0,0,1,1,2,38,7,1
622,0,0,1,0,1,0,0,0,1,0,1,0,59,365,0
623,1,0,1,0,0,0,0,1,1,1,1,-3,20,90,0
624,0,0,1,1,1,0,0,0,1,0,1,5,69,30,0
625,1,0,1,0,0,0,1,0,0,1,1,1,66,30,0
626,1,0,1,0,1,0,0,0,1,1,1,2,53,30,0
627,1,1,1,0,0,0,0,1,1,1,0,-5,60,0,0
628,0,0,1,0,1,0,0,0,1,1,1,3,38,7,0
629,1,0,1,0,0,1,1,1,0,1,0,0,34,90,0
630,0,0,0,0,1,0,1,0,1,1,1,2,45,90,0
631,0,0,1,0,1,0,0,0,1,1,1,3,30,90,1
632,1,1,1,0,0,0,1,1,0,1,0,-5,38,0,1
633,0,0,1,1,1,0,1,1,1,1,1,1,55,30,1
634,0,0,1,0,1,0,1,0,1,1,1,2,35,30,0
635,1,0,1,1,1,0,0,0,1,1,1,-3,49,365,0
636,1,0,1,0,0,0,0,1,1,1,1,0,60,365,0
637,1,1,1,0,0,1,0,1,1,0,1,-2,48,90,0
638,0,0,1,0,1,0,0,0,1,1,1,2,43,30,0
639,0,0,1,0,0,0,1,0,0,1,1,-4,39,365,1
640,0,0,1,0,1,0,0,0,1,1,1,0,23,7,1
641,0,0,1,0,0,0,0,0,1,1,1,4,51,30,0
642,1,0,1,0,0,0,0,1,1,1,0,-5,21,0,0
643,0,0,1,0,1,0,0,0,1,1,1,0,70,365,0
644,1,0,1,0,1,0,1,1,0,1,0,-5,56,365,1
645,1,1,1,0,1,1,1,1,0,1,0,-1,33,365,0
646,0,0,1,0,1,0,0,0,1,1,1,3,58,90,1
647,0,0,1,0,0,1,1,0,0,1,1,3,23,30,0
648,0,0,0,0,1,0,0,0,1,1,1,0,63,90,0
649,0,0,1,0,1,0,1,0,0,1,1,2,33,30,0
650,1,0,1,1,1,1,1,0,0,0,1,1,51,365,0
651,0,0,1,0,1,0,1,0,0,1,1,5,27,30,1
652,0,0,1,1,1,0,0,0,1,0,1,2,51,30,1
653,1,1,1,1,1,1,1,1,1,1,1,-3,69,0,1
654,0,0,1,1,1,0,0,0,1,1,1,2,59,90,0
655,0,0,1,0,1,0,0,0,1,1,1,3,40,30,1
656,0,0,1,0,0,0,0,0,1,1,1,5,20,30,0
657,1,0,1,0,0,0,0,1,1,1,0,-5,28,0,1
658,0,0,1,0,0,1,1,0,0,1,1,1,31,30,1
659,0,0,1,0,0,0,1,0,0,1,1,2,32,90,0
660,0,0,1,0,1,0,1,0,1,1,1,3,34,7,0
661,1,0,1,0,0,0,0,1,0,1,0,-3,62,7,1
662,0,0,1,0,0,0,0,0,1,0,1,0,33,90,0
663,1,0,1,0,1,0,1,0,0,1,0,-1,51,30,0
664,0,0,1,0,0,0,0,0,1,1,1,4,36,90,1
665,0,0,1,0,1,0,1,0,1,1,1,4,22,30,0
666,1,1,1,1,1,1,1,1,0,1,0,-5,51,0,0
667,1,0,1,0,0,0,1,0,0,1,0,-5,42,0,1
668,0,0,1,1,0,0,0,0,1,0,1,2,24,30,1
669,0,0,1,0,0,0,1,0,0,1,1,3,18,30,1
670,1,0,1,0,0,0,0,1,1,1,0,-5,26,365,0
671,1,0,0,0,0,0,0,1,1,0,1,0,57,0,1
672,0,0,1,0,1,0,0,0,1,0,1,1,59,7,1
673,0,0,1,0,0,0,1,0,0,1,1,0,38,90,0
674,0,0,1,0,0,0,0,0,1,1,1,5,26,3,0
675,0,0,1,0,1,0,0,0,1,0,1,2,31,30,1
676,0,0,1,0,0,0,0,1,1,1,1,2,27,365,0
677,1,0,0,0,0,0,1,0,0,1,1,-3,55,0,1
678,0,0,1,1,1,0,0,0,1,0,1,4,47,3,1
679,1,1,1,0,0,1,1,1,0,1,0,-4,52,0,1
680,0,0,1,0,1,0,0,0,1,0,1,5,58,7,1
681,0,0,1,0,0,0,0,0,1,1,1,2,30,90,0
682,0,0,1,0,0,0,1,0,0,1,1,-1,38,90,0
683,0,0,1,0,1,0,0,0,1,1,1,4,49,7,0
684,0,0,1,0,1,0,1,1,1,1,1,3,37,30,1
685,0,0,1,0,0,0,1,1,0,1,1,3,39,30,1
686,0,0,1,0,1,0,0,0,1,1,1,4,60,7,1
687,0,0,1,0,1,1,0,0,1,1,1,3,50,7,1
688,0,0,1,0,1,0,0,0,1,1,1,4,25,7,1
689,1,0,1,0,0,0,0,1,1,1,0,-4,64,0,1
690,1,1,1,0,1,1,1,1,0,1,0,-3,62,365,1
691,1,0,1,0,0,0,0,1,1,1,0,-2,37,365,1
692,0,0,1,1,1,0,1,1,0,0,1,2,68,90,1
693,0,0,1,0,0,0,0,0,1,1,1,2,24,30,0
694,0,0,0,1,0,0,0,0,1,0,1,1,26,7,1
695,1,0,1,0,0,0,1,1,0,1,1,2,49,30,0
696,1,0,1,1,1,1,1,1,0,1,1,-2,43,7,1
697,0,0,1,0,0,0,0,0,1,1,0,4,53,30,0
698,0,0,1,0,0,0,0,0,1,1,1,2,41,30,1
699,1,0,1,0,0,0,0,1,1,1,0,-5,35,90,0
700,1,1,1,0,0,1,1,1,0,1,0,-5,60,0,1
701,0,0,1,0,0,0,0,0,1,1,1,2,35,7,1
702,1,0,1,0,0,0,1,1,0,1,0,0,54,90,1
703,0,0,1,0,0,0,0,0,0,1,1,4,23,7,0
704,1,0,1,1,0,0,0,1,1,0,1,0,41,365,0
705,1,0,1,0,0,1,1,1,0,1,0,-5,57,365,0
706,1,1,1,0,1,0,0,1,1,1,0,-5,64,0,0
707,0,0,1,0,0,0,0,0,1,1,1,2,59,30,0
708,0,0,1,0,1,0,0,0,1,1,1,4,38,30,0
709,1,0,1,0,1,0,0,0,1,1,1,1,66,90,1
710,0,0,1,0,1,0,0,0,1,1,1,4,49,7,0
711,0,0,0,0,0,0,1,0,0,1,1,0,48,90,0
712,1,0,1,0,0,1,1,1,0,1,1,-5,63,365,0
713,0,0,1,0,1,0,0,0,1,1,1,1,64,90,0
714,1,0,1,0,0,0,0,1,1,1,1,-1,56,90,0
715,0,0,1,0,1,0,0,0,1,1,1,3,24,3,0
716,1,1,1,0,1,0,0,1,1,1,0,0,57,365,0
717,1,1,1,0,0,0,0,1,1,0,0,-4,59,365,1
718,0,0,1,0,1,0,0,0,1,0,1,4,39,30,0
719,0,0,1,0,1,0,0,0,1,0,1,5,37,7,0
720,0,0,0,1,1,0,0,0,1,0,1,0,65,365,1
721,1,0,1,0,1,0,1,1,1,1,0,-5,55,90,1
722,0,0,1,0,0,0,0,0,1,1,1,-2,34,365,0
723,1,0,1,0,1,0,0,1,1,1,1,1,31,7,0
724,0,0,1,0,0,0,0,0,1,0,1,0,23,30,0
725,1,0,1,0,0,0,0,1,1,1,1,0,42,30,0
726,0,0,1,0,0,0,1,0,0,1,1,1,31,365,1
727,1,0,1,0,1,0,0,0,1,1,1,1,32,30,0
728,1,0,1,0,1,0,1,1,0,1,1,0,49,90,0
729,1,0,1,1,0,0,0,1,1,1,0,0,59,30,1
730,0,0,1,0,0,0,1,1,1,1,1,5,21,3,0
731,0,0,1,0,1,0,1,0,0,1,1,3,25,30,0
732,1,0,1,0,0,0,0,1,1,1,1,2,24,30,1
733,1,0,1,0,1,0,0,0,1,1,1,-5,58,0,1
734,1,0,1,0,1,0,1,1,0,1,1,0,54,90,1
735,1,1,1,0,0,0,1,1,0,1,0,-5,62,0,1
736,1,0,1,0,0,0,1,1,0,1,1,3,31,30,1
737,0,0,1,0,0,0,0,0,0,0,0,1,21,30,0
738,1,0,1,0,1,0,0,1,1,1,1,2,48,30,1
739,0,0,0,0,0,0,0,0,1,1,0,0,30,90,0
740,0,0,1,0,0,0,0,0,1,1,0,2,36,7,0
741,0,0,1,0,0,0,0,0,1,1,1,2,21,90,0
742,1,0,1,0,0,0,0,1,1,1,1,2,63,90,0
743,0,0,1,0,0,1,0,1,1,0,1,1,33,7,1
744,0,0,1,0,0,0,0,0,1,1,1,5,18,7,0
745,0,0,1,0,0,0,0,0,1,1,1,2,20,30,1
746,1,0,1,0,0,0,0,0,1,1,1,0,56,30,0
747,0,0,1,0,0,0,0,0,1,0,1,3,38,90,0
748,1,0,1,0,1,0,0,1,1,1,1,1,43,90,1
749,1,0,1,0,0,0,1,0,0,1,0,0,18,90,1
750,1,0,1,0,0,0,0,1,0,1,1,3,19,7,1
751,1,0,0,0,1,0,1,1,0,1,0,-2,43,90,1
752,1,1,1,0,0,0,1,1,0,1,0,-5,50,0,1
753,0,0,1,0,0,0,1,1,0,1,1,-3,54,30,0
754,0,0,1,0,0,0,0,0,1,1,1,2,23,7,1
755,1,0,1,0,0,0,0,0,0,1,0,0,40,90,1
756,0,0,0,0,1,0,1,0,0,0,1,2,52,90,0
757,1,0,1,0,1,0,0,1,1,1,1,0,35,90,1
758,1,0,1,0,1,0,1,1,0,1,1,1,41,30,1
759,1,1,1,0,0,0,1,1,0,1,0,-4,60,365,1
760,0,0,1,0,1,0,0,0,1,0,1,3,66,90,0
761,1,0,0,0,0,0,0,0,1,0,1,-1,45,90,1
762,1,0,1,0,0,1,1,1,0,1,0,-5,39,30,1
763,1,0,0,0,0,0,0,0,0,1,1,1,49,365,0
764,0,0,1,0,0,0,0,0,1,1,1,1,58,30,0
765,0,0,1,1,1,0,0,0,1,0,1,3,32,90,0
766,0,0,1,0,1,1,1,0,0,0,1,3,34,30,0
767,1,0,1,0,0,0,0,1,1,1,0,-2,50,30,0
768,1,0,1,0,1,0,1,1,1,1,0,-5,58,0,0
769,1,0,1,0,0,0,0,0,1,1,0,-3,34,365,0
770,0,0,1,0,1,0,0,0,1,1,1,3,53,90,0
771,0,0,1,0,1,0,1,0,0,1,1,3,46,30,1
772,0,0,1,0,0,1,1,1,0,1,1,0,54,365,0
773,0,0,1,0,1,0,0,0,1,1,1,4,29,30,1
774,0,0,1,0,1,0,0,0,1,1,1,4,38,30,0
775,0,0,1,0,0,0,0,1,0,0,1,2,52,90,0
776,0,0,1,0,0,0,1,0,0,1,1,1,32,30,0
777,1,0,0,0,0,0,0,0,1,1,1,2,65,30,0
778,0,0,1,0,1,0,1,1,1,1,1,0,44,90,1
779,1,0,1,0,1,0,0,1,1,0,1,-1,42,30,1
780,0,0,1,0,1,0,1,0,0,1,1,4,37,30,0
781,0,0,1,0,1,1,1,0,0,1,1,0,24,3,1
782,1,0,0,0,0,0,1,0,1,1,0,0,69,0,0
783,1,0,0,0,0,0,0,0,1,1,0,0,39,30,1
784,0,1,1,1,1,0,1,0,1,0,1,4,55,30,1
785,0,0,1,0,0,0,1,0,0,1,1,2,47,90,0
786,0,0,1,0,1,0,1,0,0,0,1,5,46,30,0
787,0,0,1,0,1,0,1,0,0,1,1,0,63,90,0
788,1,1,1,0,0,0,0,1,1,1,0,-4,64,0,0
789,0,0,1,0,0,0,1,1,0,1,0,3,34,90,0
790,1,0,1,0,0,0,1,1,0,1,0,-2,30,7,1
791,0,0,1,0,0,0,0,0,1,1,1,2,37,365,0
792,0,0,1,0,1,0,1,0,0,0,1,4,48,30,1
793,0,0,1,0,0,0,0,0,1,0,1,3,32,30,0
794,1,0,1,0,0,0,1,0,1,1,1,-1,24,365,0
795,0,0,0,1,1,0,0,0,1,0,1,4,65,90,1
796,1,0,1,0,0,0,0,1,1,1,1,-3,64,90,1
797,1,0,1,1,1,0,1,1,1,1,1,0,64,90,1
798,0,0,1,0,1,0,0,0,1,0,1,2,50,30,1
799,0,0,1,0,1,0,1,0,0,1,1,2,55,30,1
800,1,0,0,0,0,0,0,1,1,1,1,-2,70,365,1
801,1,1,1,0,0,1,0,1,1,1,0,-2,35,0,0
802,1,1,1,1,1,1,1,1,1,1,1,-5,24,0,1
803,1,0,1,0,0,0,1,1,0,1,0,-5,18,365,1
804,0,0,1,0,0,0,0,0,1,1,1,4,30,30,0
805,1,0,1,0,0,0,1,1,1,1,0,-3,59,365,1
806,0,0,1,0,1,0,1,0,0,1,1,3,64,30,1
807,1,0,0,0,0,0,0,0,1,1,1,-3,62,365,1
808,1,0,1,0,1,1,1,1,0,1,1,-3,63,365,0
809,0,0,1,0,0,1,1,0,1,1,1,3,36,7,1
810,1,0,1,0,0,1,1,1,0,1,1,0,32,90,1
811,0,1,1,1,0,0,1,0,0,1,1,5,61,7,0
812,0,0,1,0,1,0,1,0,0,1,1,4,42,7,0
813,0,0,1,0,1,0,0,0,1,1,1,5,43,30,0
814,1,0,1,0,1,1,1,1,1,1,1,0,44,365,0
815,1,1,1,0,0,0,1,0,0,1,1,2,19,7,1
816,1,0,1,0,0,0,1,0,0,1,1,1,53,90,0
817,0,0,1,0,1,0,0,0,1,1,1,2,32,90,1
818,1,0,1,0,0,0,1,1,0,1,1,0,52,30,0
819,1,0,1,0,1,0,0,1,1,1,0,-3,60,0,1
820,1,0,1,0,0,0,1,1,0,1,1,-1,53,90,0
821,1,0,1,0,0,0,0,1,1,1,0,-5,33,365,0
822,0,1,0,1,1,1,1,1,0,0,1,5,40,30,0
823,0,0,1,0,1,0,1,0,0,1,1,-2,63,365,1
824,0,0,0,1,1,0,0,0,1,0,1,3,47,7,1
825,0,0,1,0,1,0,1,0,1,1,1,3,25,30,0
826,1,0,1,0,1,0,0,1,1,1,1,-3,38,90,1
827,0,0,1,0,0,0,0,0,1,1,1,5,28,7,0
828,1,0,1,0,0,0,1,1,0,0,1,0,57,365,1
829,0,0,1,0,1,0,0,0,1,0,1,4,56,7,0
830,0,0,1,0,0,0,1,0,0,1,1,3,35,90,1
831,1,1,1,0,0,0,1,1,0,1,0,-3,62,365,1
832,0,0,1,0,1,0,1,0,0,1,1,1,37,90,0
833,1,0,1,0,0,0,0,1,1,0,1,1,63,7,1
834,1,0,0,1,1,0,1,1,0,0,1,1,57,365,1
835,1,0,1,0,0,0,0,1,1,1,1,-1,53,365,0
836,1,0,1,0,0,0,0,1,1,1,0,2,49,7,0
837,1,0,0,0,0,0,0,0,1,1,1,1,56,0,1
838,1,0,0,0,1,0,0,0,1,1,1,1,50,30,1
839,0,0,1,0,1,0,0,0,1,1,1,4,59,365,0
840,0,0,1,0,1,0,0,0,1,0,1,5,32,30,0
841,0,0,1,0,1,0,1,0,1,1,1,4,44,30,0
842,1,0,1,0,0,0,1,1,0,1,1,1,34,30,0
843,1,0,1,0,1,0,0,1,1,1,0,0,51,365,0
844,0,0,1,0,0,0,0,0,1,1,1,1,33,30,1
845,0,0,1,0,0,0,0,0,1,0,1,2,36,30,0
846,0,0,1,0,0,0,1,0,0,0,1,3,24,3,0
847,0,0,1,0,1,0,0,0,1,1,1,3,42,30,0
848,1,0,1,0,0,0,1,1,0,1,0,-5,45,0,1
849,1,0,1,0,0,0,1,1,0,1,0,0,48,90,0
850,0,0,1,0,1,0,0,0,1,1,1,5,34,3,0
851,0,0,1,0,1,0,0,0,1,1,1,5,28,7,0
852,1,1,1,1,1,1,1,1,1,1,1,0,55,365,0
853,0,0,1,0,0,0,0,0,1,0,1,2,29,90,0
854,0,0,1,1,1,0,0,0,1,0,1,5,40,30,0
855,0,0,1,0,0,0,1,0,0,1,1,0,44,90,1
856,1,0,0,0,0,0,1,1,0,1,0,-5,49,365,1
857,0,0,1,0,1,0,0,0,1,1,1,3,29,30,1
858,0,0,1,0,0,0,0,0,1,1,1,4,40,7,1
859,1,1,1,0,1,0,0,1,0,1,1,3,30,3,1
860,0,0,1,0,1,0,0,0,1,1,1,2,34,30,1
861,0,0,0,0,0,0,0,0,1,1,1,1,60,90,1
862,1,0,1,0,1,0,0,0,1,1,1,2,66,30,1
863,0,0,1,1,1,0,1,0,0,0,1,3,51,90,1
864,1,1,1,0,0,0,0,1,1,1,0,-5,44,365,1
865,0,0,1,1,1,0,0,0,1,0,1,3,64,365,1
866,0,0,1,1,1,0,0,1,0,0,1,3,37,90,0
867,1,1,1,0,0,1,1,1,0,1,0,-5,51,0,1
868,0,0,1,0,1,0,0,0,1,1,1,4,30,7,1
869,1,0,0,0,0,0,0,1,1,0,0,-4,53,365,1
870,1,1,1,0,0,1,0,0,1,1,1,1,48,30,1
871,1,0,1,0,0,0,1,1,0,1,1,-2,67,365,0
872,1,0,1,0,0,0,1,1,0,1,0,-5,39,0,1
873,0,0,1,0,1,0,0,0,1,0,1,3,67,90,0
874,1,0,1,0,0,0,1,1,1,1,0,-3,61,0,1
875,1,0,1,0,1,1,1,0,0,1,1,2,57,90,1
876,1,0,1,0,1,1,0,1,1,1,0,-5,64,365,1
877,1,0,1,0,0,0,0,0,1,1,0,-4,64,365,0
878,0,0,1,0,0,0,0,0,0,0,1,4,34,7,0
879,0,0,0,0,0,0,0,0,0,0,1,4,45,7,1
880,0,0,1,0,1,0,0,0,1,1,1,3,34,30,1
881,1,0,1,0,0,0,0,1,1,1,0,-5,67,365,1
882,1,1,1,0,1,0,1,1,1,1,0,-5,38,0,0
883,0,0,1,0,0,0,0,0,0,1,1,2,22,7,1
884,0,0,0,1,1,0,0,0,1,1,1,5,57,7,0
885,0,0,1,1,1,0,0,0,1,1,1,2,65,90,0
886,1,0,1,0,0,0,1,1,1,1,1,-2,63,365,1
887,1,0,1,0,0,0,1,1,0,1,0,0,49,365,1
888,1,0,1,0,0,0,0,1,1,1,0,-2,36,365,1
889,1,1,0,0,0,1,1,1,1,0,0,-1,60,0,0
890,1,0,1,0,0,0,1,1,0,1,0,-3,62,365,0
891,0,0,1,0,1,0,0,0,0,1,1,5,55,7,1
892,0,0,1,0,1,0,1,0,1,1,1,3,41,30,0
893,1,0,1,0,0,0,1,1,0,1,0,-2,46,3,1
894,0,0,1,0,1,0,0,0,1,1,1,3,51,30,0
895,0,0,1,1,1,0,1,0,1,0,1,5,61,90,0
896,0,0,1,0,1,0,1,0,0,0,1,3,38,7,0
897,1,0,1,0,0,0,1,1,0,1,0,-4,59,0,0
898,0,0,1,1,1,0,1,0,1,0,1,4,36,30,1
899,1,0,1,0,0,0,0,1,1,1,1,0,62,0,0
900,1,0,0,0,0,0,1,0,0,1,1,0,58,30,1
901,0,0,1,0,0,0,0,0,1,1,1,4,23,7,0
902,1,0,1,0,1,0,1,1,0,1,0,-5,50,90,0
903,0,0,1,0,1,0,1,0,0,1,1,4,25,30,0
904,1,0,1,0,1,0,0,0,1,1,1,1,55,30,1
905,1,0,1,0,0,0,0,1,0,1,0,-5,48,365,1
906,1,1,1,0,1,0,1,1,1,1,0,-5,62,0,0
907,0,0,1,0,1,0,0,0,1,1,1,2,61,90,0
908,0,0,1,0,0,0,1,0,0,1,1,4,32,3,0
909,1,0,1,1,1,0,0,1,1,0,1,0,49,90,1
910,0,0,0,0,0,0,0,0,0,0,0,3,20,30,1
911,1,0,1,0,0,0,1,1,0,1,0,1,43,90,0
912,1,1,1,1,1,0,0,1,1,1,1,-5,63,0,0
913,0,0,1,1,1,0,0,0,1,0,1,4,60,30,0
914,1,0,1,0,1,0,0,1,1,1,1,1,68,365,0
915,0,0,1,0,1,0,0,0,1,1,1,3,64,30,1
916,1,0,1,0,0,0,0,1,1,1,0,-5,57,365,1
917,0,0,1,1,1,0,0,0,1,1,1,4,71,30,1
918,0,0,1,0,0,0,0,0,1,1,0,3,30,90,0
919,0,0,1,1,1,0,0,0,1,0,1,5,61,3,1
920,0,1,1,1,1,0,0,0,1,1,1,1,55,30,0
921,0,0,1,1,1,0,1,1,0,1,1,-3,53,30,1
922,0,0,1,0,1,0,1,0,0,1,1,4,45,90,1
923,0,0,1,0,1,0,0,0,1,1,1,3,41,30,1
924,0,0,1,0,0,0,1,0,0,0,1,3,30,90,1
925,1,0,1,0,1,0,0,1,1,1,1,2,42,7,0
926,0,0,1,1,1,0,0,0,1,1,1,3,22,7,0
927,0,0,1,0,1,0,0,0,1,1,1,3,46,90,0
928,0,0,1,0,1,0,1,0,1,1,1,5,43,30,1
929,0,0,1,1,1,0,0,0,1,0,1,5,33,30,0
930,0,0,1,0,0,0,0,0,1,1,1,-2,19,0,0
931,0,0,1,0,0,0,1,0,0,1,1,4,24,30,1
932,1,0,1,0,0,0,0,1,0,1,0,-4,58,365,1
933,1,0,1,0,1,0,1,1,0,1,1,0,59,90,1
934,0,0,1,0,1,0,0,0,1,1,1,3,31,30,0
935,1,0,1,0,0,0,1,1,0,1,1,2,37,30,0
936,1,0,0,0,0,0,0,0,1,1,1,2,56,30,1
937,1,0,1,0,0,0,0,0,1,1,1,-2,52,90,1
938,1,1,1,0,0,0,0,1,1,1,0,-5,36,0,1
939,0,0,1,0,0,0,0,0,1,0,1,4,25,30,0
940,0,0,1,0,0,0,1,0,1,1,0,0,20,365,1
941,0,1,1,0,0,0,1,0,0,1,1,4,21,30,0
942,0,0,1,0,0,0,1,1,0,1,1,-2,59,7,0
943,1,0,1,0,1,0,0,1,1,1,1,-4,51,365,0
944,1,0,1,0,1,0,0,0,1,1,1,2,50,30,0
945,1,0,1,0,1,0,0,1,1,1,1,0,63,90,1
946,0,0,1,0,1,0,0,0,1,1,1,1,25,90,0
947,1,0,1,0,1,0,0,0,1,1,1,1,51,30,1
948,1,0,1,0,0,0,0,0,1,1,1,-1,36,365,0
949,0,0,1,0,0,0,1,0,0,1,1,3,31,30,0
950,1,0,1,0,1,0,0,1,1,1,1,1,26,30,1
951,1,1,1,1,1,1,1,1,1,1,0,-5,30,365,1
952,0,0,1,0,1,0,0,0,1,1,1,2,37,30,0
953,0,0,1,0,0,0,1,1,1,1,0,-1,30,90,1
954,0,0,1,0,0,0,0,0,1,0,1,4,30,30,0
955,1,0,0,1,1,0,1,0,0,1,1,4,55,90,0
956,1,0,1,0,0,0,0,1,1,1,1,1,19,30,0
957,0,0,1,1,1,0,0,0,1,0,1,5,23,3,0
958,1,0,1,0,0,0,0,1,1,1,0,-4,26,90,0
959,1,0,1,0,1,0,0,1,1,1,1,-1,59,365,0
960,0,0,1,1,1,0,1,0,0,0,1,4,23,7,1
961,0,0,1,0,0,0,1,0,1,1,1,4,30,30,1
962,0,0,1,0,0,0,0,0,1,1,1,3,18,90,0
963,1,0,1,1,0,0,0,0,1,1,0,0,51,365,1
964,1,1,1,0,0,0,1,1,0,1,0,2,35,365,1
965,0,0,1,0,0,0,1,0,0,1,0,3,43,7,0
966,1,0,1,0,0,0,1,0,1,1,1,0,56,365,0
967,1,0,1,0,1,0,1,1,0,1,1,2,53,7,1
968,1,0,1,0,0,0,0,1,1,1,1,-3,47,90,0
969,0,0,1,0,0,0,1,0,1,1,1,2,65,90,1
970,1,0,1,0,1,0,1,1,1,1,1,0,51,0,1
971,0,0,1,0,1,0,1,0,0,1,1,2,33,30,0
972,0,0,1,0,0,0,1,0,0,1,1,0,61,0,1
973,0,0,1,0,1,0,0,0,1,1,1,0,33,30,0
974,0,0,1,0,0,0,0,0,1,0,1,0,25,30,1
975,1,0,1,0,0,0,0,0,0,1,0,-5,36,0,1
976,0,0,1,0,1,0,0,0,1,0,1,5,47,30,1
977,0,0,0,0,1,0,0,0,1,0,1,2,59,30,0
978,0,0,1,0,0,0,1,1,0,1,0,-4,37,365,0
979,0,0,0,0,0,0,0,0,1,1,1,0,22,30,1
980,1,0,1,0,0,0,0,1,1,1,0,-3,48,90,1
981,0,0,1,0,1,0,0,0,1,1,0,2,70,365,1
982,1,1,1,0,0,0,0,1,0,1,0,-5,51,0,1
983,1,0,1,0,1,0,0,1,1,1,1,3,23,30,0
984,0,0,0,0,0,0,0,0,0,0,1,5,28,90,0
985,0,0,1,0,0,0,1,0,0,1,0,4,39,7,1
986,1,0,1,1,1,0,1,0,1,0,1,4,62,90,0
987,0,0,1,0,1,0,1,0,0,1,1,5,25,7,0
988,0,0,1,0,0,0,1,1,0,1,1,2,27,90,0
989,1,0,1,1,1,0,1,1,1,1,1,-2,59,90,0
990,1,0,0,0,0,0,0,1,1,1,1,-3,65,90,1
991,1,1,1,1,1,1,1,0,0,1,1,-4,54,90,0
992,0,0,1,0,1,0,0,0,1,0,1,3,64,90,1
993,0,0,1,1,1,0,1,0,1,1,1,2,49,30,0
994,0,0,1,0,0,0,0,0,0,1,1,5,22,3,0
995,0,0,1,0,0,0,0,0,1,1,1,3,35,30,1
996,0,0,1,0,0,0,1,0,0,1,1,4,41,3,0
997,0,0,1,0,1,0,0,0,0,0,0,1,32,90,1
998,0,0,1,0,0,0,1,0,1,1,1,5,24,7,0
999,0,0,1,1,1,0,0,0,1,0,1,5,52,7,0
1000,1,1,1,0,0,0,1,1,0,1,0,-5,44,365,1
1001,0,0,1,0,1,0,0,0,1,1,1,4,38,30,0
1002,0,0,1,0,0,0,0,0,1,1,1,3,43,7,0
1003,0,0,1,0,0,0,0,0,1,1,1,1,32,365,0
1004,1,0,1,0,1,0,1,1,0,1,1,-1,38,90,1
1005,1,0,1,0,0,0,0,1,1,1,1,0,63,0,0
1006,0,0,1,0,1,0,1,0,1,0,1,3,46,90,0
1007,0,0,1,0,1,0,1,0,1,1,0,3,29,90,0
1008,1,1,1,0,0,1,1,1,0,1,0,-5,61,0,0
1009,0,0,1,0,0,1,1,1,0,1,1,2,47,90,1
1010,0,0,1,0,0,0,1,0,0,1,1,3,31,30,1
1011,1,0,1,1,1,0,0,0,1,0,1,3,35,7,1
1012,0,0,1,0,1,0,0,0,1,1,1,3,64,90,1
1013,0,0,1,0,0,0,0,0,1,1,1,2,26,30,0
1014,1,0,0,0,0,0,0,1,1,1,1,-1,55,365,0
1015,0,0,1,0,0,0,0,0,1,1,1,3,46,3,0
1016,0,0,1,1,1,0,0,0,1,1,1,5,52,30,1
1017,1,0,1,0,0,0,1,1,0,1,0,-5,50,0,0
1018,0,0,1,0,0,0,0,0,1,1,1,3,33,30,1
1019,0,0,1,0,1,0,0,0,1,1,1,5,30,30,0
1020,1,0,1,0,1,0,1,1,1,1,1,3,46,7,0
1021,1,0,1,0,1,0,0,1,1,1,0,0,60,365,0
1022,0,0,1,0,1,1,0,0,1,1,1,3,27,3,1
1023,0,0,1,0,1,0,0,0,1,1,1,2,51,90,0
1024,0,0,1,1,1,0,0,0,1,0,1,4,41,30,0
1025,0,0,1,0,1,0,0,0,1,1,1,2,67,30,0
1026,1,1,1,0,0,1,1,1,0,1,0,-5,63,0,0
1027,0,0,1,0,1,0,1,0,1,0,1,3,65,90,0
1028,1,0,1,0,0,1,1,1,0,1,0,0,59,30,1
1029,0,0,1,0,0,0,1,0,0,1,1,0,34,365,0
1030,1,0,1,0,0,0,0,0,1,1,1,0,34,365,0
1031,0,0,1,0,0,0,0,0,1,1,1,4,53,7,0
1032,0,0,1,0,1,0,0,0,1,0,1,2,31,7,0
1033,0,0,1,1,1,0,0,0,1,0,1,5,58,30,0
1034,0,0,1,1,1,0,0,0,1,1,1,2,39,7,1
1035,0,0,0,0,1,0,0,0,1,1,1,4,66,30,1
1036,0,0,1,0,1,0,0,0,1,1,1,0,55,30,1
1037,0,0,1,0,1,0,1,0,0,1,1,5,28,30,0
1038,0,0,1,0,0,1,1,0,0,1,0,-5,34,30,0
1039,0,0,1,0,1,0,1,0,0,1,1,4,24,30,1
1040,0,0,0,1,1,0,0,1,1,0,1,0,59,90,0
1041,0,0,1,1,1,0,0,0,1,0,1,3,67,90,0
1042,1,0,1,0,0,0,0,1,1,1,0,1,52,30,0
1043,1,0,1,0,1,0,1,0,0,1,1,2,41,7,1
1044,0,0,1,0,1,0,0,0,1,0,1,5,37,30,0
1045,0,0,1,0,0,0,0,0,1,1,1,5,18,7,1
1046,0,0,1,1,1,0,0,0,1,0,1,4,63,7,1
1047,0,0,0,0,0,0,0,0,1,1,1,4,24,7,1
1048,0,0,1,1,1,0,0,0,1,1,1,5,57,3,1
1049,0,0,1,0,1,0,0,0,1,1,1,0,40,30,1
1050,0,0,1,0,0,0,1,0,0,1,1,2,20,30,1
1051,0,0,1,0,0,0,1,0,1,1,1,1,55,90,1
1052,0,0,1,0,0,0,1,0,0,0,1,2,18,365,0
1053,0,0,1,0,1,1,1,1,0,1,1,1,42,30,1
1054,1,0,1,0,1,0,0,1,0,1,0,-4,47,365,0
1055,1,0,1,0,1,0,1,1,0,1,1,3,40,90,1
1056,0,0,1,0,1,0,0,0,1,0,1,3,35,30,0
1057,0,0,1,0,0,0,0,1,1,1,1,1,64,30,1
1058,1,0,1,0,0,1,0,0,1,1,0,-2,50,90,0
1059,0,0,1,1,1,0,0,0,1,0,1,5,55,7,0
1060,1,1,1,0,0,0,0,1,1,1,0,-4,64,0,0
1061,1,0,1,0,0,0,1,1,0,1,0,-4,49,365,0
1062,0,0,1,1,1,1,1,0,0,1,1,0,49,90,1
1063,1,0,1,0,1,0,0,1,1,1,1,3,49,7,0
1064,1,0,1,0,0,0,1,1,0,1,0,-4,50,90,1
1065,0,0,1,0,1,0,1,0,0,0,1,0,65,365,1
1066,1,0,0,0,0,0,1,1,0,1,0,-5,49,7,1
1067,0,0,1,0,0,0,0,0,1,1,1,4,36,30,1
1068,0,0,1,0,0,0,1,0,0,0,1,4,31,3,0
1069,0,0,1,0,0,0,0,0,1,1,1,5,25,7,0
1070,0,0,1,0,1,0,0,0,1,1,1,3,51,30,1
1071,1,0,1,0,1,1,1,1,0,1,1,1,41,7,1
1072,1,0,1,0,0,0,0,1,1,1,1,-1,58,365,0
1073,1,0,0,0,1,0,0,0,1,1,1,0,69,30,1
1074,0,0,1,0,1,0,0,0,1,1,1,3,22,7,0
1075,0,0,1,0,1,0,1,0,0,1,1,5,39,30,1
1076,1,0,1,0,0,1,0,1,1,1,1,-2,58,30,0
1077,1,0,1,1,0,1,1,1,0,1,1,-1,47,30,1
1078,1,0,1,0,1,0,1,0,0,1,1,1,62,7,1
1079,0,0,1,0,1,0,0,0,1,1,1,3,49,30,1
1080,1,0,0,0,1,0,0,0,1,1,1,-3,65,365,0
1081,0,0,1,0,1,0,0,0,1,0,1,5,39,7,0
1082,1,0,1,0,0,1,0,1,1,1,0,-3,33,365,0
1083,0,0,1,0,1,1,1,0,0,1,1,4,33,7,1
1084,1,0,1,0,1,0,1,0,0,1,1,1,64,30,1
1085,1,0,1,0,0,0,0,0,1,1,1,-2,18,365,1
1086,0,0,1,0,1,0,0,0,1,0,1,1,67,30,1
1087,1,0,1,0,1,0,1,1,0,1,0,-5,62,365,0
1088,1,0,1,0,0,0,0,0,1,1,1,-4,56,0,0
1089,1,0,1,0,0,1,0,0,1,0,1,-5,36,30,0
1090,1,0,1,0,1,1,1,0,1,0,1,1,68,365,1
1091,0,0,1,1,1,0,1,0,1,0,1,3,42,30,0
1092,0,0,1,0,1,1,1,0,0,1,1,2,39,7,1
1093,0,0,1,0,0,0,0,0,1,1,1,3,24,30,0
1094,0,0,1,0,0,0,1,0,0,1,1,4,38,7,0
1095,0,0,1,1,1,0,1,0,0,1,1,5,52,7,1
1096,0,0,1,1,1,0,0,0,1,0,1,2,43,7,0
1097,1,0,1,0,1,0,0,1,1,1,1,0,57,90,1
1098,1,0,0,0,0,0,0,1,1,1,1,-4,59,365,0
1099,1,1,1,0,1,1,1,0,1,1,0,-5,57,0,0
1100,0,0,1,0,1,0,0,0,1,1,1,0,43,90,1
1101,0,0,1,0,0,0,0,0,1,0,1,5,25,7,0
1102,0,0,1,0,1,0,0,0,1,0,1,2,61,90,0
1103,0,0,1,0,0,0,1,0,0,1,1,5,25,30,0
1104,1,1,1,0,0,0,1,1,0,1,0,-5,70,365,0
1105,1,0,1,0,0,0,0,1,1,1,1,2,54,90,1
1106,0,0,0,0,1,0,0,0,1,1,1,5,60,90,1
1107,1,0,1,0,0,0,1,1,1,1,1,-4,59,365,1
1108,1,1,1,0,0,1,1,1,0,1,0,-5,66,0,1
1109,0,0,1,0,1,1,0,1,1,0,1,4,51,7,1
1110,0,0,1,0,1,0,1,0,0,1,1,1,57,30,0
1111,1,0,1,0,0,0,0,1,1,1,1,2,61,90,0
1112,0,0,1,0,0,1,1,0,0,0,1,3,31,30,0
1113,0,0,1,0,0,0,1,0,0,1,1,2,27,7,1
1114,0,0,1,0,0,0,0,0,1,1,1,3,36,7,1
1115,1,0,1,0,0,0,1,1,0,1,0,-5,45,0,0
1116,1,0,1,0,0,0,0,1,1,1,0,-3,53,90,0
1117,1,0,1,1,1,0,0,0,1,0,1,3,42,365,0
1118,1,0,1,0,0,0,0,0,1,1,1,0,50,365,0
1119,1,0,1,0,1,0,0,1,1,1,0,2,51,30,0
1120,1,1,1,0,0,0,1,1,0,1,0,-4,36,0,1
1121,0,0,1,0,1,0,1,0,1,1,1,-1,55,3,0
1122,1,0,1,0,0,0,1,0,1,1,1,0,67,90,1
1123,0,0,1,1,1,0,0,0,1,1,1,0,56,30,1
1124,1,0,1,0,0,0,0,1,1,1,1,0,70,365,0
1125,1,1,0,0,0,0,0,0,1,1,0,-5,58,365,0
1126,1,1,1,0,0,0,1,1,0,1,0,-5,44,0,1
1127,1,0,1,0,1,0,0,1,0,1,1,-5,52,365,0
1128,0,0,1,0,0,0,0,1,1,1,1,-3,61,365,0
1129,0,0,1,0,1,0,0,0,1,1,1,3,33,30,0
1130,0,0,1,0,0,0,0,0,1,1,1,4,30,30,0
1131,1,1,1,0,0,1,1,1,0,1,0,-5,37,90,1
1132,0,0,1,0,0,0,1,0,0,1,1,3,26,90,1
1133,1,0,0,0,1,0,1,1,0,1,1,0,65,365,0
1134,0,0,1,0,1,0,0,0,1,1,1,5,38,30,0
1135,0,0,1,0,1,0,0,0,1,1,1,1,29,7,0
1136,1,0,0,0,1,0,1,1,0,1,0,-5,62,0,0
1137,1,0,1,0,1,0,0,0,1,1,1,4,21,7,1
1138,1,0,1,0,1,0,0,1,1,1,1,-3,35,365,0
1139,0,1,1,0,0,0,0,0,0,1,0,5,27,90,1
1140,1,1,1,0,0,0,1,1,0,1,0,-5,19,0,1
1141,0,0,1,0,0,0,1,0,1,1,1,5,29,90,1
1142,0,0,1,0,1,0,1,1,0,1,1,3,29,7,1
1143,0,0,1,0,0,0,0,0,1,1,1,4,29,7,1
1144,0,0,1,0,1,0,0,0,1,1,1,3,31,7,0
1145,0,0,1,0,0,0,0,0,1,1,1,1,55,30,0
1146,0,0,1,0,0,0,0,0,1,1,1,2,36,90,1
1147,1,0,1,0,0,0,0,0,1,1,0,1,48,365,0
1148,0,0,1,0,0,0,0,0,1,1,1,2,23,90,0
1149,0,0,1,0,0,0,0,0,1,1,1,5,35,30,1
1150,1,0,1,0,1,0,0,1,1,1,0,0,29,0,1
1151,1,0,1,0,0,0,0,0,1,1,0,0,52,90,0
1152,0,0,1,0,0,0,0,0,1,1,1,4,32,7,1
1153,1,0,1,0,1,0,0,1,1,1,1,3,39,7,0
1154,0,0,1,0,1,0,0,0,1,1,1,3,55,30,0
1155,0,0,1,0,1,0,0,0,1,1,1,1,41,7,1
1156,1,0,1,0,0,0,0,1,1,1,0,-5,55,0,0
1157,0,0,1,0,1,0,0,0,1,1,1,5,29,30,0
1158,0,0,1,1,1,0,0,0,1,0,1,3,35,7,1
1159,0,0,1,1,1,0,0,0,0,0,1,5,44,7,1
1160,1,0,1,0,1,0,0,0,1,0,1,1,60,90,0
1161,0,0,1,0,1,0,1,0,0,1,1,5,40,30,0
1162,1,0,0,0,0,0,1,1,1,1,1,-5,45,365,0
1163,1,0,1,0,0,0,0,1,1,1,1,-2,37,365,0
1164,0,0,1,1,1,0,0,0,0,0,1,5,30,7,1
1165,0,0,1,0,1,0,1,0,1,1,1,1,53,30,1
1166,1,0,1,0,0,0,1,1,0,1,0,-5,33,30,1
1167,1,0,1,0,1,0,1,1,1,1,1,-1,37,90,1
1168,0,0,1,0,0,0,0,0,1,1,1,4,33,30,1
1169,0,0,1,0,1,1,0,0,1,0,1,5,37,7,0
1170,0,0,1,0,0,0,1,1,1,1,1,1,57,90,1
1171,1,1,1,0,0,0,0,1,1,1,0,-5,53,0,0
1172,0,0,1,0,1,0,1,0,1,0,1,3,46,3,0
1173,1,0,1,0,0,0,1,0,0,1,0,0,62,90,1
1174,0,0,1,0,1,0,0,0,1,1,1,5,53,30,0
1175,1,0,1,0,1,0,0,1,1,1,0,-1,53,365,1
1176,0,0,1,0,0,0,0,0,1,0,1,4,35,30,0
1177,1,0,1,1,0,0,1,1,0,1,0,-3,52,365,1
1178,0,0,1,0,0,0,0,0,1,1,1,3,23,30,0
1179,1,0,1,0,0,0,1,1,0,1,0,0,57,0,0
1180,0,1,1,0,0,0,1,0,0,1,1,4,29,7,0
1181,0,0,0,0,0,0,1,0,0,0,1,0,35,365,0
1182,1,1,1,0,0,0,1,1,0,1,0,-4,44,90,1
1183,1,0,1,0,0,1,0,1,1,1,0,-5,57,90,0
1184,0,0,1,0,1,0,1,0,0,1,1,4,49,30,1
1185,0,0,0,1,1,0,0,0,1,0,1,4,63,30,1
1186,0,0,1,0,0,0,0,0,1,1,1,4,50,7,1
1187,0,0,1,0,0,0,0,0,1,1,1,3,69,30,1
1188,0,0,1,1,1,0,1,0,0,0,1,5,55,7,1
1189,1,0,1,1,1,0,0,1,1,1,1,2,44,7,0
1190,1,0,1,0,1,0,0,1,1,0,1,1,65,365,0
1191,0,0,1,0,0,1,1,0,0,1,0,3,30,90,0
1192,1,0,1,0,1,0,1,1,1,1,1,-2,70,365,0
1193,1,1,1,0,0,1,1,1,0,1,0,-2,67,90,0
1194,1,0,0,0,0,0,1,0,0,1,1,0,60,90,1
1195,0,0,1,0,0,0,1,0,0,1,1,2,31,90,0
1196,0,0,1,0,0,0,0,0,1,0,1,3,50,7,0
1197,1,0,1,0,0,0,1,1,0,1,0,-5,66,365,0
1198,0,0,1,0,0,0,0,0,1,0,1,3,24,30,1
1199,0,0,1,0,0,0,1,1,1,1,1,3,50,30,0
1200,0,0,1,0,1,0,0,0,1,1,1,0,42,7,0
1201,0,0,1,0,0,0,0,0,1,0,1,5,23,7,0
1202,0,0,1,0,0,0,1,0,0,1,1,3,24,30,0
1203,0,0,1,0,1,0,0,0,1,1,1,3,57,30,1
1204,1,0,1,0,1,0,1,1,0,1,1,-5,64,0,1
1205,1,1,1,1,1,0,0,0,1,1,1,1,63,30,0
1206,0,0,0,0,0,0,0,0,1,1,0,-1,62,365,0
1207,0,0,1,0,0,0,1,0,0,1,1,5,19,7,0
1208,0,0,1,0,1,0,1,0,0,1,1,5,22,90,0
1209,0,0,1,0,0,1,0,0,1,1,0,1,20,90,0
1210,0,0,1,0,1,0,0,0,1,1,1,1,32,30,0
1211,0,0,1,0,1,0,0,0,1,0,1,2,22,90,0
1212,1,0,1,0,0,0,1,1,0,1,0,-2,28,365,0
1213,0,0,1,1,1,0,0,0,1,0,0,4,47,30,0
1214,1,0,1,0,1,0,0,1,1,1,1,0,63,30,1
1215,0,0,1,0,0,0,1,0,0,0,0,-4,44,90,1
1216,0,0,1,0,0,0,1,0,1,1,1,1,27,365,0
1217,1,0,1,0,0,0,0,1,1,1,1,-2,22,30,1
1218,1,0,1,0,0,0,0,0,1,1,1,-2,66,0,0
1219,1,0,1,0,0,0,0,0,1,1,1,1,68,90,1
1220,1,0,0,0,0,0,0,0,0,1,0,-5,59,0,1
1221,0,0,1,0,0,1,0,0,1,1,1,3,20,30,0
1222,0,0,1,0,0,0,1,0,0,1,1,3,39,7,0
1223,1,0,1,0,0,0,0,1,1,1,0,0,24,90,0
1224,1,0,1,0,1,0,0,1,1,1,1,3,49,7,1
1225,1,0,1,0,0,1,1,1,0,1,0,-1,42,90,1
1226,0,0,1,0,0,0,0,0,1,1,1,4,20,90,0
1227,1,1,1,0,0,1,1,1,0,1,0,-5,27,365,0
1228,1,0,1,0,0,0,0,1,1,1,0,-3,22,0,0
1229,1,0,1,0,0,0,0,1,1,1,0,-5,26,365,1
1230,0,0,0,1,1,0,0,0,1,0,1,4,58,7,1
1231,1,1,1,0,0,1,1,1,0,1,0,-5,35,365,1
1232,1,0,1,0,0,0,0,0,1,1,1,0,28,7,1
1233,1,0,1,0,0,0,0,1,1,1,1,-4,60,0,0
1234,1,0,1,0,0,0,1,1,1,1,1,-5,61,90,0
1235,0,0,1,0,1,0,1,0,0,1,1,3,59,30,1
1236,1,0,1,0,0,0,0,1,1,1,1,1,64,90,0
1237,1,0,1,0,0,0,1,0,0,1,0,0,19,0,0
1238,1,0,0,1,1,0,0,0,1,1,1,-2,69,90,0
1239,1,0,1,1,0,0,1,0,1,1,1,2,44,30,1
1240,0,0,1,0,0,0,0,0,1,1,1,2,29,7,0
1241,1,0,1,0,0,0,0,1,1,1,1,0,27,90,1
1242,0,0,1,0,0,0,0,0,1,1,0,5,26,90,1
1243,1,0,1,0,0,0,0,1,1,1,1,-1,59,365,0
1244,0,0,1,0,0,0,1,1,0,1,1,-3,40,365,1
1245,0,0,1,0,1,0,0,0,0,1,0,5,32,365,1
1246,1,0,1,1,1,0,0,1,1,1,0,-3,49,90,0
1247,0,0,1,0,1,1,1,0,0,1,1,2,58,90,1
1248,0,0,1,0,1,0,0,0,1,0,1,5,44,7,0
1249,1,0,1,0,1,0,1,1,1,1,0,-2,54,90,1
1250,0,0,1,0,0,0,0,0,1,1,1,1,31,7,0
1251,0,0,1,0,1,0,0,0,1,1,1,0,45,90,0
1252,1,0,1,0,1,0,0,0,1,1,1,1,50,90,1
1253,0,0,1,0,0,0,1,0,0,1,1,1,23,30,1
1254,1,0,1,0,1,0,1,1,0,1,0,-3,45,365,0
1255,1,0,1,1,0,0,1,0,0,1,1,3,30,7,1
1256,0,0,1,0,0,0,0,0,1,1,0,5,31,90,1
1257,1,0,1,0,0,0,0,0,1,1,0,2,40,90,0
1258,0,0,1,1,1,0,0,0,1,0,1,4,63,30,1
1259,0,0,1,0,1,0,0,0,1,0,1,3,62,90,0
1260,0,0,1,0,0,0,1,0,0,1,1,5,22,3,1
1261,0,0,1,1,1,0,0,0,1,0,1,3,45,30,0
1262,0,0,0,0,0,0,1,0,0,1,1,0,54,90,0
1263,1,1,1,1,1,1,1,1,1,1,1,-5,70,0,0
1264,0,0,1,0,0,0,0,0,1,1,0,0,40,30,1
1265,1,0,1,0,0,0,0,1,1,1,1,-1,43,90,1
1266,0,0,1,0,0,0,1,0,0,0,1,2,43,7,1
1267,1,0,1,0,0,0,1,0,0,1,0,-2,47,365,0
1268,1,0,1,0,0,0,0,1,1,1,1,-4,29,365,0
1269,0,0,1,0,0,0,0,0,1,1,1,4,66,7,0
1270,1,0,1,0,0,0,1,1,0,1,0,-1,22,90,1
1271,0,0,1,1,1,0,0,0,1,0,1,3,64,90,0
1272,0,0,1,0,0,0,1,0,0,1,1,0,38,30,1
1273,0,0,1,1,1,1,1,1,1,1,1,-1,54,90,1
1274,1,1,1,0,0,0,1,1,0,1,0,-5,42,365,1
1275,1,0,1,0,0,0,0,1,1,1,1,-4,68,90,0
1276,1,0,0,0,0,0,0,1,1,1,0,-5,65,0,0
1277,0,0,1,0,0,0,0,0,1,0,1,3,18,30,0
1278,1,0,1,0,1,0,0,0,1,1,1,3,53,90,0
1279,0,0,1,0,1,0,1,0,0,1,1,2,42,30,0
1280,0,0,1,0,1,0,1,0,1,1,1,5,30,30,0
1281,0,0,1,0,1,0,0,0,1,0,1,2,53,365,1
1282,0,0,1,0,0,0,0,0,1,1,1,4,27,30,1
1283,0,0,1,0,0,0,0,0,1,1,1,3,23,7,1
1284,1,1,1,1,1,1,1,1,0,1,0,-5,40,365,1
1285,0,1,1,0,1,0,0,0,1,1,1,3,60,90,1
1286,1,0,1,0,0,0,1,1,0,1,1,0,59,7,1
1287,1,1,1,0,0,1,1,1,0,1,0,-3,49,30,1
1288,1,0,1,0,0,0,1,1,0,1,0,0,44,30,1
1289,1,1,1,0,0,0,1,1,0,1,0,-4,62,0,1
1290,0,0,1,0,1,0,1,0,0,1,1,0,37,30,0
1291,0,0,1,0,0,0,0,0,1,1,1,3,26,30,0
1292,1,0,1,0,0,0,0,0,1,1,0,-4,58,365,0
1293,0,0,1,0,0,1,1,0,0,0,1,5,30,7,0
1294,1,0,1,0,0,0,0,1,1,1,1,1,51,90,0
1295,1,0,1,0,1,0,1,1,0,1,1,3,60,30,1
1296,0,0,1,0,1,1,1,0,0,1,1,3,35,30,0
1297,0,0,0,0,1,0,0,0,1,1,1,2,60,7,0
1298,1,0,1,0,1,0,0,1,1,1,1,-5,65,365,0
1299,1,0,1,0,1,0,0,0,1,1,1,2,58,90,0
1300,1,1,1,0,0,0,0,1,1,1,0,-5,49,0,1
1301,0,0,1,0,0,0,0,0,1,1,1,1,58,90,0
1302,0,0,1,0,0,1,0,0,1,1,1,3,26,90,0
1303,0,0,1,0,0,0,0,1,1,1,1,0,59,90,1
1304,0,0,0,0,0,0,1,0,1,1,0,-1,28,30,0
1305,1,0,1,0,0,0,1,0,1,1,1,1,24,90,0
1306,0,0,1,0,0,0,1,0,0,1,1,3,36,3,1
1307,1,1,0,0,0,1,0,1,1,0,0,-5,66,365,1
1308,1,0,1,1,1,0,0,1,1,1,1,0,58,90,1
1309,1,0,1,0,0,0,0,0,1,1,1,-1,31,30,0
1310,0,0,1,0,1,0,0,0,1,1,1,4,27,3,1
1311,0,0,1,0,0,0,0,0,0,1,0,4,20,7,1
1312,0,0,1,1,1,0,1,0,0,0,1,5,37,7,1
1313,0,0,1,0,1,0,0,0,1,1,1,1,34,30,0
1314,1,1,1,0,0,0,0,1,1,1,0,-5,47,0,1
1315,0,0,1,0,0,0,0,0,1,1,1,4,25,90,0
1316,1,0,0,0,0,0,1,0,0,1,0,-5,67,365,1
1317,0,0,1,1,1,1,0,0,1,1,1,4,57,30,0
1318,0,0,1,0,1,0,0,0,1,1,1,3,48,7,0
1319,0,0,1,1,1,0,0,0,1,0,1,3,64,30,0
1320,1,0,1,0,0,0,1,1,0,1,0,-5,38,90,0
1321,1,0,1,0,0,1,1,1,0,1,0,-3,44,365,1
1322,0,0,1,0,1,0,0,0,1,1,1,3,47,30,0
1323,1,0,1,0,0,0,0,0,0,1,1,-4,53,90,0
1324,0,0,0,1,1,0,0,0,1,1,1,5,37,30,1
1325,0,1,1,0,0,0,1,0,0,1,1,5,25,90,1
1326,1,0,1,0,1,0,1,0,0,1,1,4,21,3,1
1327,1,0,1,0,0,1,1,1,0,1,0,-5,60,0,0
1328,1,0,1,0,1,0,1,1,0,0,1,-2,48,365,0
1329,1,0,1,0,0,0,1,1,0,1,1,-4,38,365,0
1330,0,0,1,0,0,0,1,0,0,1,1,3,24,30,1
1331,1,0,1,0,0,0,1,1,0,1,1,3,26,30,1
1332,0,0,1,0,0,0,1,0,0,1,1,4,40,7,0
1333,0,0,1,0,1,0,1,0,0,1,1,2,62,30,1
1334,0,0,1,0,1,0,0,0,1,1,1,1,26,90,1
1335,1,0,1,0,1,0,0,0,1,1,1,0,65,30,0
1336,1,0,1,0,0,1,1,0,0,1,1,2,50,30,1
1337,1,1,1,1,1,0,0,1,1,1,1,0,26,0,0
1338,1,0,1,0,0,0,0,1,1,1,1,-2,44,90,0
1339,1,0,1,0,1,0,1,1,1,1,1,0,48,7,1
1340,1,0,1,0,0,0,1,1,0,1,0,0,29,30,0
1341,1,0,1,0,0,0,1,1,1,1,1,-4,60,365,0
1342,0,0,0,0,1,0,0,0,1,0,1,5,18,3,1
1343,1,0,1,0,0,0,0,1,1,1,0,-3,37,365,0
1344,0,0,1,0,1,0,0,1,0,1,0,-3,55,365,0
1345,1,0,1,0,0,0,0,1,1,1,1,2,39,90,0
1346,0,0,1,0,1,0,1,0,0,0,1,4,55,30,1
1347,0,0,0,0,0,0,0,0,1,1,1,1,18,90,1
1348,0,0,1,0,1,0,1,0,0,1,1,5,21,7,0
1349,0,0,1,0,1,0,1,0,0,0,1,2,31,30,1
1350,0,0,1,0,1,0,0,0,1,0,1,3,28,30,0
1351,0,0,1,0,0,0,1,0,0,1,1,4,39,30,1
1352,1,0,1,0,1,0,0,0,1,1,1,1,51,90,1
1353,0,0,1,0,0,0,0,0,1,0,1,5,18,7,0
1354,1,0,1,0,1,0,0,1,1,1,0,-5,44,0,0
1355,1,0,0,0,0,0,0,1,1,1,0,-4,66,0,1
1356,1,0,1,0,0,0,0,1,1,1,0,-3,34,365,0
1357,0,0,1,0,1,0,0,0,1,1,1,1,53,90,0
1358,1,1,1,0,0,0,1,1,0,1,1,-3,42,365,1
1359,0,0,1,0,0,0,0,0,1,1,1,3,38,90,0
1360,0,0,1,0,0,0,0,0,1,1,1,3,29,30,0
1361,1,0,1,0,0,0,1,0,1,1,1,0,57,90,1
1362,0,0,1,0,1,0,0,0,0,0,1,5,26,7,1
1363,0,0,1,0,1,0,1,0,0,1,1,3,30,7,0
1364,1,0,1,0,1,0,0,0,1,1,0,1,46,90,1
1365,1,0,1,0,1,0,0,1,1,1,1,0,61,90,1
1366,0,0,1,0,1,0,0,0,1,1,1,0,39,7,1
1367,0,0,1,0,1,0,0,0,1,1,1,3,62,90,1
1368,0,0,1,0,1,0,0,0,0,0,1,4,43,30,0
1369,0,0,1,0,0,0,0,0,1,1,1,3,36,30,0
1370,0,0,1,1,0,0,0,0,1,1,1,3,60,90,0
1371,1,0,1,0,1,0,0,1,1,1,1,-4,54,365,0
1372,1,0,1,0,1,0,0,0,1,1,1,0,48,7,1
1373,0,0,1,0,0,0,0,0,1,1,1,2,20,30,1
1374,0,0,1,0,0,0,0,0,1,1,1,2,27,30,0
1375,1,0,1,0,1,0,0,0,1,1,1,-1,68,30,0
1376,1,0,1,0,0,0,0,0,1,1,1,-1,70,30,1
1377,0,0,1,0,0,0,0,0,1,1,1,3,28,30,0
1378,1,0,1,0,0,0,0,1,1,1,0,-5,59,0,0
1379,1,0,1,1,1,0,0,1,1,1,1,-2,45,365,1
1380,0,0,1,1,1,0,1,0,0,0,1,2,67,90,1
1381,0,0,1,0,0,0,1,1,0,1,0,3,26,7,0
1382,1,1,1,0,0,0,1,1,0,1,0,-5,42,0,1
1383,1,0,1,1,1,0,0,1,1,1,1,4,55,7,1
1384,1,0,1,0,0,0,1,1,1,1,0,-2,30,365,0
1385,0,0,1,1,1,0,1,0,1,0,1,5,33,7,1
1386,1,0,1,0,1,0,0,1,1,1,1,-3,60,90,0
1387,0,0,1,0,1,0,0,0,1,1,1,3,57,30,0
1388,1,0,1,0,0,0,0,0,1,1,1,0,44,30,1
1389,0,0,0,0,1,0,0,0,1,1,1,4,59,90,0
1390,1,1,1,0,0,0,0,1,1,1,0,-5,35,0,1
1391,1,0,1,0,0,0,0,1,1,1,1,1,60,365,1
1392,1,0,1,0,0,0,0,1,1,0,0,-5,67,0,0
1393,0,0,1,0,0,0,0,0,1,1,1,4,29,7,0
1394,0,0,1,0,0,0,0,0,1,1,1,4,22,30,0
1395,0,1,1,1,1,0,1,0,1,1,1,4,54,365,0
1396,0,0,1,0,1,0,1,0,0,0,1,3,21,3,0
1397,1,0,0,1,1,0,1,0,1,1,1,4,62,30,0
1398,1,0,1,0,0,0,0,1,1,1,0,-5,53,0,1
1399,1,0,1,0,0,0,1,1,0,1,0,-4,37,365,0
1400,0,0,1,0,0,0,0,0,1,0,1,5,44,7,0
1401,1,0,1,0,0,0,0,1,1,1,0,-5,52,0,0
1402,1,0,1,0,1,0,1,1,0,1,1,1,55,90,1
1403,1,0,1,0,0,0,1,1,1,1,0,-3,32,365,0
1404,1,1,1,0,0,1,1,1,0,1,0,-5,32,30,0
1405,0,0,1,0,1,0,1,0,0,1,1,2,47,90,1
1406,1,0,1,0,0,0,1,1,1,1,0,-5,31,365,1
1407,1,0,1,0,1,0,1,0,0,1,1,1,55,365,1
1408,1,0,1,0,0,0,1,1,0,0,1,-4,60,365,0
1409,0,0,1,0,1,0,1,0,0,1,1,5,70,7,1
1410,0,0,1,0,1,1,0,0,1,1,1,4,49,365,0
1411,0,0,1,0,0,0,0,0,1,1,1,2,55,365,0
1412,1,1,1,0,0,0,0,1,1,1,1,-2,50,90,0
1413,0,0,1,0,1,0,0,0,1,1,1,3,26,30,1
1414,1,0,1,0,1,0,0,1,1,1,0,-4,55,365,1
1415,1,0,1,0,0,0,1,0,0,1,0,-3,57,90,1
1416,1,0,1,0,0,0,0,1,1,1,1,-1,20,30,0
1417,0,0,1,0,1,0,1,0,0,0,1,4,46,30,0
1418,1,1,1,0,0,0,0,1,1,1,0,-5,62,0,0
1419,1,0,1,0,0,0,0,1,1,1,0,0,59,90,0
1420,0,0,1,0,1,0,0,0,1,1,1,3,53,30,0
1421,0,0,1,0,0,0,0,0,1,1,1,3,57,90,0
1422,0,0,1,0,1,0,0,0,1,1,1,1,59,90,0
1423,0,0,1,0,1,0,0,0,1,1,1,3,41,30,1
1424,1,0,1,0,1,0,0,1,1,1,1,1,36,30,1
1425,0,0,1,0,1,0,0,0,1,1,1,4,57,30,1
1426,0,1,1,1,1,0,0,0,1,1,1,5,33,30,0
1427,1,0,1,0,1,0,1,1,0,0,1,3,38,30,0
1428,1,0,1,0,0,0,0,0,1,1,1,1,37,90,1
1429,0,0,1,0,0,1,0,0,1,1,1,4,25,3,1
1430,1,0,1,0,0,0,0,1,0,1,0,-3,42,7,1
1431,0,0,1,0,1,0,1,0,0,1,1,3,55,90,0
1432,1,0,1,0,0,0,0,1,1,1,1,2,21,7,1
1433,1,1,1,1,1,1,1,1,0,1,0,-5,44,365,1
1434,0,0,1,0,0,0,0,0,1,1,0,4,41,7,1
1435,1,0,1,0,0,0,0,1,1,1,0,-5,25,0,1
1436,0,0,1,0,0,0,1,0,0,1,1,5,24,30,1
1437,0,0,1,0,1,0,0,0,1,0,1,4,61,90,0
1438,0,0,1,0,0,0,1,0,0,1,1,3,27,30,0
1439,0,0,0,0,0,1,0,0,1,0,0,1,61,30,1
1440,0,0,1,1,1,0,0,0,1,1,1,3,55,30,0
1441,0,0,1,0,0,0,1,0,0,1,1,5,29,7,1
1442,0,0,1,1,0,0,0,0,1,1,1,4,31,30,1
1443,0,0,1,0,1,0,0,0,1,1,1,2,50,365,0
1444,1,0,1,0,0,0,0,1,1,0,1,-3,55,0,1
1445,1,0,1,0,0,0,0,0,1,1,0,1,18,30,0
1446,0,0,1,0,0,0,0,0,1,0,1,1,52,90,0
1447,1,0,1,0,0,1,1,0,0,1,1,0,43,30,1
1448,1,0,1,0,0,1,1,1,0,1,0,-5,47,365,1
1449,0,0,1,0,1,1,0,0,1,0,1,2,36,7,0
1450,0,0,1,0,1,0,1,0,0,1,1,3,52,30,0
1451,0,0,1,1,1,0,0,0,1,0,1,4,41,90,1
1452,1,0,1,0,0,1,1,1,0,1,0,-3,30,90,1
